	Unnamed: 0	city	station_name	empty_slots	slots	free_bikes	ebikes	latitude	longitude	timestamp	foursquare_num_poi	Yelp_poi_count
0	0	Toronto	Queen St E / Woodward Ave	12	19	5	0	43.665269	-79.319796	2023-06-05T15:38:08.527000Z	0	178
1	1	Toronto	Primrose Ave / Davenport Rd	12	15	3	0	43.67142	-79.445947	2023-06-05T15:38:08.527000Z	0	144
2	2	Toronto	Queen St. E / Rhodes Ave.	13	23	10	0	43.666224	-79.317693	2023-06-05T15:38:08.528000Z	0	157
3	3	Toronto	Bond St / Queen St E	8	25	16	0	43.653236	-79.376716	2023-06-05T15:38:08.533000Z	0	1317
4	4	Toronto	Church St / Alexander St	12	15	2	0	43.663722	-79.380288	2023-06-05T15:38:08.534000Z	0	1004
5	5	Toronto	University Ave / Gerrard St W (East Side)	2	25	22	1	43.657763	-79.389165	2023-06-05T15:38:08.534000Z	0	914
6	6	Toronto	Edward St / Yonge St	0	23	23	1	43.656729	-79.382736	2023-06-05T15:38:08.536000Z	0	1326
7	7	Toronto	Euclid Ave / Bloor St W	19	19	0	0	43.664467	-79.414783	2023-06-05T15:38:08.536000Z	0	495
8	8	Toronto	Yonge St / Aylmer Ave	8	15	7	0	43.675492	-79.388858	2023-06-05T15:38:08.537000Z	0	513
9	9	Toronto	Davenport Rd / Avenue Rd	5	11	6	0	43.674991	-79.396273	2023-06-05T15:38:08.538000Z	0	467
10	10	Toronto	Yonge St / Yorkville Ave	15	17	1	0	43.671944	-79.387778	2023-06-05T15:38:08.538000Z	0	666
11	11	Toronto	Dundas St E / Broadview Ave	19	19	0	0	43.662365	-79.351104	2023-06-05T15:38:08.540000Z	0	239
12	12	Toronto	Front St W / Yonge St (Hockey Hall of Fame)	24	47	23	1	43.646144	-79.377962	2023-06-05T15:38:08.541000Z	0	1122
13	13	Toronto	Gerrard St E / River St	2	11	8	0	43.663993	-79.358534	2023-06-05T15:38:08.542000Z	0	273
14	14	Toronto	Jarvis St / Dundas St E	15	27	12	0	43.657266	-79.374756	2023-06-05T15:38:08.542000Z	0	1183
15	15	Toronto	Logan Av / Gerrard St E	14	15	1	0	43.6672144	-79.3452697	2023-06-05T15:38:08.558000Z	0	264
16	16	Toronto	Regal Rd / Dufferin St	11	15	4	0	43.673939	-79.441159	2023-06-05T15:38:08.558000Z	0	134
17	17	Toronto	Morse St / Eastern Ave	2	11	9	0	43.657991	-79.340075	2023-06-05T15:38:08.560000Z	0	273
18	18	Toronto	Alton Ave / Dundas St E (Greenwood Park)	18	22	4	0	43.66745	-79.329408	2023-06-05T15:38:08.561000Z	0	307
19	19	Toronto	Blake St / Boultbee Ave	12	15	3	0	43.672453	-79.338259	2023-06-05T15:38:08.562000Z	0	204
20	20	Toronto	Eastern Ave / Winnifred Ave	5	14	9	0	43.6592088	-79.3348396	2023-06-05T15:38:08.562000Z	0	236
21	21	Toronto	Gamble Ave / Broadview Ave	15	23	8	0	43.689211	-79.35438	2023-06-05T15:38:08.564000Z	0	66
22	22	Toronto	111 Bond St (North of Dundas St E)  - SMART	0	16	16	0	43.656927	-79.378497	2023-06-05T15:38:08.576000Z	0	1228
23	23	Toronto	Wallace Ave / Symington Ave - SMART	5	12	7	0	43.661324	-79.449534	2023-06-05T15:38:08.577000Z	0	246
24	24	Toronto	Dundas St E / Pembroke St - SMART	10	16	5	0	43.658295	-79.372346	2023-06-05T15:38:08.578000Z	0	1019
25	25	Toronto	Victoria Park Subway Station - SMART	15	20	5	0	43.6940155	-79.2889842	2023-06-05T15:38:08.578000Z	0	136
26	26	Toronto	Wychwood Ave / Benson Ave - SMART	16	16	0	0	43.6809164	-79.4229684	2023-06-05T15:38:08.581000Z	0	216
27	27	Toronto	Lawton Blvd / Yonge St	12	15	3	0	43.6910667	-79.39535	2023-06-05T15:38:08.590000Z	0	126
28	28	Toronto	Yonge St / Davisville Ave	13	15	1	0	43.6975969	-79.39654	2023-06-05T15:38:08.994000Z	0	159
29	29	Toronto	Fort York  Blvd / Capreol Ct	31	35	3	0	43.639832	-79.395954	2023-06-05T15:38:08.593000Z	0	591
30	30	Toronto	Madison Ave / Bloor St W	12	15	3	0	43.667158	-79.402761	2023-06-05T15:38:08.594000Z	0	525
31	31	Toronto	St. George St / Bloor St W	1	19	15	0	43.667333	-79.399429	2023-06-05T15:38:08.594000Z	0	561
32	32	Toronto	King St W / York St	2	23	21	0	43.6480008	-79.383177	2023-06-05T15:38:08.595000Z	0	1399
33	33	Toronto	University Ave / Elm St	1	11	10	0	43.656518	-79.389099	2023-06-05T15:38:08.595000Z	0	1165
34	34	Toronto	Rosehill Ave / Avoca Ave - SMART	15	16	1	0	43.687999	-79.38906	2023-06-05T15:38:08.598000Z	0	115
35	35	Toronto	Bloor St W / Dundas St W	7	15	8	0	43.6563889	-79.45166666666667	2023-06-05T15:38:08.600000Z	0	288
36	36	Toronto	Bathurst St / Fort York Blvd	16	19	1	0	43.639179	-79.399595	2023-06-05T15:38:08.601000Z	0	431
37	37	Toronto	Ontario Place Blvd / Lake Shore Blvd W	19	27	6	0	43.6322445	-79.4108105	2023-06-05T15:38:08.601000Z	0	90
38	38	Toronto	Spadina Ave / Willcocks St	8	15	7	0	43.6616667	-79.40138888888889	2023-06-05T15:38:08.602000Z	0	608
39	39	Toronto	Cariboo St / Rail Path	13	19	6	0	43.66666667	-79.45833333333334	2023-06-05T15:38:08.602000Z	0	211
40	40	Toronto	Dundas St W / Edna Ave	11	15	4	0	43.657192	-79.452559	2023-06-05T15:38:08.606000Z	0	264
41	41	Toronto	College St / Major St	0	15	14	1	43.6576	-79.4032	2023-06-05T15:38:08.608000Z	0	522
42	42	Toronto	McGill St / Church St	3	19	16	0	43.660694	-79.379052	2023-06-05T15:38:08.608000Z	0	987
43	43	Toronto	Queens Quay W / Dan Leckie Way	9	27	17	0	43.636533	-79.395854	2023-06-05T15:38:08.610000Z	0	243
44	44	Toronto	York St / Queens Quay W	10	57	46	0	43.640132	-79.380464	2023-06-05T15:38:08.610000Z	0	400
45	45	Toronto	College Park South	0	19	19	0	43.659777	-79.382767	2023-06-05T15:38:08.611000Z	0	1080
46	46	Toronto	25 York St â€“ Union Station South	0	11	11	0	43.643667	-79.380414	2023-06-05T15:38:08.611000Z	0	983
47	47	Toronto	161 Bleecker St (South of Wellesley)	22	23	1	0	43.666233	-79.373327	2023-06-05T15:38:08.612000Z	0	581
48	48	Toronto	Spadina Ave / Fort York Blvd	16	23	6	0	43.640114	-79.393249	2023-06-05T15:38:08.613000Z	0	749
49	49	Toronto	Augusta Ave / Denison Sq	6	12	6	0	43.653766	-79.4016759	2023-06-05T15:38:08.615000Z	0	694
50	50	Toronto	Lansdowne Subway Station	21	23	2	0	43.6587734	-79.443054	2023-06-05T15:38:08.617000Z	0	210
51	51	Toronto	Lansdowne Ave / Whytock Ave	14	15	1	0	43.6538888888889	-79.4413888888889	2023-06-05T15:38:08.617000Z	0	331
52	52	Toronto	Sterling Rd / Dundas St W	13	18	5	0	43.6508333333333	-79.4430555555556	2023-06-05T15:38:08.618000Z	0	320
53	53	Toronto	St Clarens Ave / College St	14	15	1	0	43.651238	-79.43868	2023-06-05T15:38:08.618000Z	0	355
54	54	Toronto	Ossington Ave / College St	11	11	0	0	43.6544915	-79.422634	2023-06-05T15:38:08.619000Z	0	471
55	55	Toronto	High Park Subway Station	11	11	0	0	43.6543604	-79.4655296	2023-06-05T15:38:08.621000Z	0	167
56	56	Toronto	Lake Shore Blvd W / Ellis Ave	4	19	14	0	43.635932	-79.465083	2023-06-05T15:38:08.621000Z	0	51
57	57	Toronto	Parkside Dr / Bloor St W - SMART	12	12	0	0	43.654501	-79.460053	2023-06-05T15:38:08.622000Z	0	144
58	58	Toronto	Lake Shore Blvd W / Windermere Ave	2	19	17	0	43.634896	-79.467763	2023-06-05T15:38:08.623000Z	0	48
59	59	Toronto	Martin Goodman Trail (Marilyn Bell Park)	10	31	21	0	43.6314	-79.4304	2023-06-05T15:38:08.624000Z	0	37
60	60	Toronto	Lake Shore Blvd W / The Boulevard Club	4	19	15	0	43.636731	-79.444966	2023-06-05T15:38:08.624000Z	0	195
61	61	Toronto	Dundas St W / Roncesvalles Green P - SMART	3	12	9	0	43.6534268	-79.4512787	2023-06-05T15:38:08.625000Z	0	259
62	62	Toronto	Erskine Ave / Yonge St SMART	16	16	0	0	43.7112153	-79.39894	2023-06-05T15:38:08.626000Z	0	199
63	63	Toronto	D'Arcy St / McCaul St - SMART	10	15	5	0	43.655227	-79.39201	2023-06-05T15:38:08.627000Z	0	1099
64	64	Toronto	Mortimer Ave / Carlaw Ave SMART	8	12	4	0	43.685167	-79.34962	2023-06-05T15:38:08.628000Z	0	273
65	65	Toronto	Cumberland Ave / Bay St SMART	0	9	9	0	43.6704537	-79.39014	2023-06-05T15:38:08.628000Z	0	639
66	66	Toronto	20 Charles St E	14	22	3	2	43.6691099	-79.38551	2023-06-05T15:38:08.629000Z	0	736
67	67	Toronto	Niagara St / Tecumseth St	11	15	4	0	43.641389	-79.404444	2023-06-05T15:38:08.540000Z	0	447
68	68	Toronto	424 Wellington St W	6	15	9	0	43.643834	-79.396649	2023-06-05T15:38:08.641000Z	0	819
69	69	Toronto	Dundas St W / St. Patrick St	5	19	14	1	43.6545174	-79.3895315	2023-06-05T15:38:08.653000Z	0	1266
70	70	Toronto	Robert St / Bloor St W - SMART	18	18	0	0	43.665846	-79.404998	2023-06-05T15:38:08.655000Z	0	464
71	71	Toronto	John St  / Mercer St - SMART	0	12	12	1	43.6461	-79.3895	2023-06-05T15:38:08.655000Z	0	1154
72	72	Toronto	Queen St E / Hammersmith Ave	4	11	7	0	43.671349	-79.29451	2023-06-05T15:38:08.656000Z	0	158
73	73	Toronto	Queen St. E / Eastern Ave	7	15	7	0	43.667208	-79.312315	2023-06-05T15:38:08.657000Z	0	143
74	74	Toronto	Hubbard Blvd / Balsam Av	3	19	15	0	43.669328	-79.288949	2023-06-05T15:38:08.657000Z	0	130
75	75	Toronto	Queen St. E / Spruce Hill Rd.	1	15	14	0	43.672571	-79.289	2023-06-05T15:38:08.658000Z	0	183
76	76	Toronto	Lower Spadina Ave / Lake Shore Blvd	16	19	2	0	43.638497	-79.39192	2023-06-05T15:38:08.659000Z	0	469
77	77	Toronto	Lower Coxwell Ave /  Lake Shore Blvd E	5	15	10	0	43.662771	-79.315223	2023-06-05T15:38:08.660000Z	0	63
78	78	Toronto	Amelia St. / Sumach St.	11	11	0	0	43.66852	-79.363525	2023-06-05T15:38:08.660000Z	0	224
79	79	Toronto	Augusta Ave / Dundas St W	2	15	13	0	43.652473	-79.401456	2023-06-05T15:38:08.668000Z	0	783
80	80	Toronto	Queen St W / Ossington Ave	3	23	20	0	43.643975	-79.419576	2023-06-05T15:38:08.670000Z	0	534
81	81	Toronto	Trinity St /Front St E	5	19	14	0	43.651318	-79.36023	2023-06-05T15:38:08.670000Z	0	415
82	82	Toronto	Dundas St W / Yonge St	0	31	31	0	43.656094	-79.381484	2023-06-05T15:38:08.672000Z	0	1364
83	83	Toronto	Kendal Ave / Spadina Rd	9	9	0	0	43.670318	-79.405181	2023-06-05T15:38:08.674000Z	0	595
84	84	Toronto	Davenport Rd / Bathurst St	26	27	1	0	43.676667	-79.416111	2023-06-05T15:38:08.675000Z	0	230
85	85	Toronto	Queen St W / Close Ave	13	23	9	0	43.640634	-79.435841	2023-06-05T15:38:08.676000Z	0	296
86	86	Toronto	King St W / Joe Shuster Way	1	15	14	0	43.639444	-79.423611	2023-06-05T15:38:08.688000Z	0	454
87	87	Toronto	Yarmouth Rd / Christie St	10	11	1	0	43.67	-79.42083333333333	2023-06-05T15:38:08.689000Z	0	335
88	88	Toronto	Palmerston Ave / Vermont Ave	15	15	0	0	43.671389	-79.416389	2023-06-05T15:38:08.690000Z	0	334
89	89	Toronto	Christie St / Benson Ave (Wychwood Barns)	19	19	0	0	43.68	-79.42500000000001	2023-06-05T15:38:08.690000Z	0	219
90	90	Toronto	King St W / Fraser Ave	1	15	14	0	43.6394444	-79.42527777777778	2023-06-05T15:38:08.691000Z	0	469
91	91	Toronto	Macpherson Ave / Spadina Rd	12	15	2	1	43.675791	-79.40698	2023-06-05T15:38:08.692000Z	0	210
92	92	Toronto	Bridgman Ave / Kendal Ave	13	15	2	0	43.675556	-79.410278	2023-06-05T15:38:08.692000Z	0	162
93	93	Toronto	Bridgman Ave / Bathurst St	10	14	4	0	43.674444	-79.414722	2023-06-05T15:38:08.693000Z	0	171
94	94	Toronto	Kendal Ave / Bernard Ave	14	15	0	0	43.671513	-79.408317	2023-06-05T15:38:08.694000Z	0	395
95	95	Toronto	Pretoria Ave / Broadview Ave	19	19	0	0	43.6783213	-79.35822	2023-06-05T15:38:08.705000Z	0	239
96	96	Toronto	Broadview Ave / Westwood Ave	7	23	16	0	43.6848652	-79.356602	2023-06-05T15:38:08.706000Z	0	240
97	97	Toronto	Fulton Ave / Pape Ave	18	19	1	0	43.68395	-79.347046	2023-06-05T15:38:08.707000Z	0	291
98	98	Toronto	Cosburn Ave / Donlands Ave	19	19	0	0	43.690537	-79.341307	2023-06-05T15:38:08.707000Z	0	70
99	99	Toronto	Beltline Trail / Chaplin Cres.	14	15	1	0	43.704461	-79.423122	2023-06-05T15:38:08.708000Z	0	62
100	100	Toronto	Lake Shore Blvd E / Leslie St	0	19	19	0	43.659195	-79.329196	2023-06-05T15:38:08.709000Z	0	190
101	101	Toronto	King St E / Berkeley St	4	17	13	0	43.651885	-79.3649	2023-06-05T15:38:08.710000Z	0	626
102	102	Toronto	Rosedale Park (20 Scholfield Ave)	16	23	7	0	43.682645	-79.377557	2023-06-05T15:38:08.711000Z	0	12
103	103	Toronto	Mary McCormick Rec Centre (Sheridan Ave)	8	15	7	0	43.6475	-79.43305555555555	2023-06-05T15:38:08.716000Z	0	395
104	104	Toronto	Soho St / Queen St W	0	7	7	0	43.6494896	-79.393535	2023-06-05T15:38:08.718000Z	0	1276
105	105	Toronto	Davenport Rd / Lansdowne Ave	13	19	5	0	43.671526	-79.44874	2023-06-05T15:38:08.729000Z	0	119
106	106	Toronto	Front St W / University Ave (1)	0	17	17	0	43.6451635	-79.3831757	2023-06-05T15:38:08.730000Z	0	1072
107	107	Toronto	Front St W / University Ave (2)	3	19	15	0	43.6452972	-79.3827914	2023-06-05T15:38:08.731000Z	0	1072
108	108	Toronto	457 King St W	0	19	19	0	43.6452091	-79.3960744	2023-06-05T15:38:08.732000Z	0	882
109	109	Toronto	Dufferin St / Sylvan Av (Dufferin Grove Park)	7	19	12	0	43.6555556	-79.43361111111112	2023-06-05T15:38:08.733000Z	0	357
110	110	Toronto	Roxborough St W / Yonge St	14	17	3	0	43.678077	-79.390328	2023-06-05T15:38:08.733000Z	0	382
111	111	Toronto	Crawford St / Queen St W	5	19	14	0	43.645665	-79.415345	2023-06-05T15:38:08.734000Z	0	496
112	112	Toronto	Lisgar St / Dundas St W - SMART	8	8	0	0	43.6493472	-79.42668	2023-06-05T15:38:08.745000Z	0	506
113	113	Toronto	Dundas St E / Regent Park Blvd	14	27	12	0	43.660207	-79.361275	2023-06-05T15:38:08.746000Z	0	321
114	114	Toronto	Lower Sherbourne St / The Esplanade	6	27	21	0	43.648655	-79.367061	2023-06-05T15:38:08.746000Z	0	667
115	115	Toronto	Nelson St / Duncan St	10	31	20	0	43.648711	-79.389728	2023-06-05T15:38:08.747000Z	0	1371
116	116	Toronto	Jimmie Simpson Park (Queen St E)	1	15	13	0	43.6605603	-79.3437663	2023-06-05T15:38:08.748000Z	0	339
117	117	Toronto	Queen St E / Sackville St	15	15	0	0	43.6561111	-79.36138888888888	2023-06-05T15:38:08.749000Z	0	387
118	118	Toronto	Mill St / Tannery Rd	19	27	7	0	43.652219	-79.354455	2023-06-05T15:38:08.750000Z	0	325
119	119	Toronto	Cherry St / Distillery Ln	4	15	11	0	43.650279	-79.356832	2023-06-05T15:38:08.751000Z	0	326
120	120	Toronto	Front St E / Cherry St	5	15	10	0	43.652686	-79.358395	2023-06-05T15:38:08.751000Z	0	361
121	121	Toronto	Queen St W / Spadina Ave	1	11	9	0	43.649147	-79.395504	2023-06-05T15:38:08.756000Z	0	1134
122	122	Toronto	Yonge St / Harbour St	17	39	22	0	43.643795	-79.375413	2023-06-05T15:38:08.761000Z	0	828
123	123	Toronto	Willcocks St / St. George St	0	17	17	0	43.662085	-79.397735	2023-06-05T15:38:08.766000Z	0	555
124	124	Toronto	Dundas St E / Parliament St	6	15	9	0	43.659575	-79.365769	2023-06-05T15:38:08.767000Z	0	342
125	125	Toronto	51 Parliament St	2	19	17	0	43.65205	-79.362198	2023-06-05T15:38:08.768000Z	0	502
126	126	Toronto	Queen's Park / Bloor St W	8	19	11	0	43.668456	-79.393899	2023-06-05T15:38:08.769000Z	0	613
127	127	Toronto	Fort York Blvd / Bathurst St SMART	19	20	1	0	43.639052	-79.399792	2023-06-05T15:38:08.773000Z	0	421
128	128	Toronto	Alma Ave / Gladstone Ave SMART	9	16	7	0	43.6448617	-79.42822	2023-06-05T15:38:08.774000Z	0	624
129	129	Toronto	College St / Markham St	6	19	13	0	43.6563888888889	-79.4091666666667	2023-06-05T15:38:08.782000Z	0	480
130	130	Toronto	Queen St W / Cowan Ave	6	19	13	0	43.6409	-79.432837	2023-06-05T15:38:08.783000Z	0	358
131	131	Toronto	Queen St W / Gladstone Ave	19	23	4	0	43.6430555555556	-79.4275	2023-06-05T15:38:08.783000Z	0	633
132	132	Toronto	Harbord St / Clinton St	12	15	2	0	43.660414	-79.415646	2023-06-05T15:38:08.784000Z	0	593
133	133	Toronto	Central Tech  (Harbord St)	11	11	0	0	43.661975	-79.407896	2023-06-05T15:38:08.785000Z	0	567
134	134	Toronto	Roxton Rd / Harbord St	11	11	0	0	43.65905	-79.422988	2023-06-05T15:38:08.787000Z	0	381
135	135	Toronto	Ulster St / Bathurst St	11	11	0	0	43.66	-79.4088888888889	2023-06-05T15:38:08.787000Z	0	614
136	136	Toronto	Mortimer Ave / Coxwell Ave	21	23	2	0	43.690564	-79.326319	2023-06-05T15:38:08.788000Z	0	125
137	137	Toronto	Danforth Ave / Barrington Ave	7	15	8	0	43.688325	-79.300463	2023-06-05T15:38:08.974000Z	0	218
138	138	Toronto	Pacific Ave / Glenlake Ave	22	23	1	0	43.65716	-79.46478	2023-06-05T15:38:08.792000Z	0	264
139	139	Toronto	Broadview Subway Station	15	15	0	0	43.6772	-79.35858	2023-06-05T15:38:08.799000Z	0	237
140	140	Toronto	Church St  / Wood St	19	19	0	0	43.662712	-79.379903	2023-06-05T15:38:08.800000Z	0	1008
141	141	Toronto	College Park - Gerrard Entrance	1	25	24	0	43.658938	-79.383518	2023-06-05T15:38:08.622000Z	0	1179
142	142	Toronto	Danforth Ave / Coxwell Ave	15	15	0	0	43.683378	-79.322961	2023-06-05T15:38:08.804000Z	0	157
143	143	Toronto	12 Harbour St	5	13	8	0	43.6425636	-79.3762	2023-06-05T15:38:08.809000Z	0	579
144	144	Toronto	Howard Park Ave / Dundas St W - SMART	9	12	3	0	43.6521	-79.4486	2023-06-05T15:38:08.811000Z	0	292
145	145	Toronto	Yonge St / Bloor St	8	14	5	0	43.669969	-79.386532	2023-06-05T15:38:08.811000Z	0	765
146	146	Toronto	Dufferin Gate - SMART	6	16	10	0	43.633473	-79.425679	2023-06-05T15:38:08.812000Z	0	174
147	147	Toronto	Lake Shore Blvd W / Ontario Dr	27	35	8	0	43.630254	-79.420317	2023-06-05T15:38:08.814000Z	0	99
148	148	Toronto	Bloor St W / Shaw Ave - SMART	19	34	14	0	43.662403	-79.423098	2023-06-05T15:38:08.815000Z	0	336
149	149	Toronto	Concord Ave / Dewson St	17	17	0	0	43.656945	-79.424911	2023-06-05T15:38:08.816000Z	0	428
150	150	Toronto	Hocken Ave / Vaughan Rd	19	19	0	0	43.6817346	-79.4184725	2023-06-05T15:38:08.816000Z	0	239
151	151	Toronto	St Clair Ave W / Bathurst St.	19	19	0	0	43.683296	-79.418734	2023-06-05T15:38:08.817000Z	0	238
152	152	Toronto	Queen St E / Nursewood Rd	1	18	17	1	43.673831	-79.281455	2023-06-05T15:38:08.818000Z	0	117
153	153	Toronto	Kew Beach Ave / Kenilworth Ave	5	23	17	0	43.666325	-79.3014	2023-06-05T15:38:08.819000Z	0	104
154	154	Toronto	Dovercourt Rd / Harrison St (Green P) - SMART	11	12	1	0	43.651145	-79.423742	2023-06-05T15:38:08.820000Z	0	525
155	155	Toronto	Baldwin St / Spadina Ave - SMART	10	20	10	0	43.654905	-79.398448	2023-06-05T15:38:08.820000Z	0	688
156	156	Toronto	Frederick St / King St E	4	23	19	0	43.651118	-79.369411	2023-06-05T15:38:08.824000Z	0	853
157	157	Toronto	College St / Borden St	9	11	2	0	43.6571	-79.4056	2023-06-05T15:38:08.830000Z	0	510
158	158	Toronto	Beverley  St / Dundas St W	26	31	5	0	43.652823	-79.393388	2023-06-05T15:38:08.833000Z	0	1154
159	159	Toronto	Bay St / St. Joseph St	13	15	0	0	43.665527	-79.387499	2023-06-05T15:38:08.833000Z	0	968
160	160	Toronto	Gould St / Mutual St	16	29	13	0	43.6582	-79.3768	2023-06-05T15:38:08.836000Z	0	1190
161	161	Toronto	Riverdale Park North (Broadview Ave)	15	15	0	0	43.671172	-79.354704	2023-06-05T15:38:08.859000Z	0	269
162	162	Toronto	Danforth Ave / Ellerbeck St	9	14	5	0	43.677076	-79.35667	2023-06-05T15:38:08.861000Z	0	247
163	163	Toronto	Pape Subway Station (Green P)	11	15	4	0	43.680223	-79.344062	2023-06-05T15:38:08.862000Z	0	279
164	164	Toronto	Danforth Ave / Gough Ave	11	17	6	0	43.678401	-79.346289	2023-06-05T15:38:08.863000Z	0	311
165	165	Toronto	Danforth Ave / Lamb Ave	19	19	0	0	43.681991	-79.329455	2023-06-05T15:38:08.869000Z	0	142
166	166	Toronto	King St W / Stafford St	13	15	1	0	43.6422222	-79.41111111111111	2023-06-05T15:38:08.870000Z	0	504
167	167	Toronto	Bathurst St / Lennox St	9	19	10	0	43.663808	-79.410491	2023-06-05T15:38:08.873000Z	0	570
168	168	Toronto	Bathurst Subway Station	23	23	0	0	43.6666667	-79.41166666666668	2023-06-05T15:38:08.874000Z	0	499
169	169	Toronto	Bloor St W / Christie St	11	19	8	0	43.6638889	-79.41888888888889	2023-06-05T15:38:08.874000Z	0	361
170	170	Toronto	Ossington Ave / Bloor St W	11	11	0	0	43.661705	-79.425734	2023-06-05T15:38:08.875000Z	0	318
171	171	Toronto	Essex St / Christie St - SMART	19	19	0	0	43.6686111	-79.42027777777778	2023-06-05T15:38:08.876000Z	0	360
172	172	Toronto	Westmoreland Ave / Fernbank Ave	17	19	1	0	43.665327	-79.43235	2023-06-05T15:38:08.882000Z	0	242
173	173	Toronto	Havelock St / Dufferin Park	19	19	0	0	43.657343	-79.43112	2023-06-05T15:38:08.883000Z	0	434
174	174	Toronto	Bathurst St / Adelaide St W	19	25	6	0	43.645324	-79.40345	2023-06-05T15:38:08.884000Z	0	653
175	175	Toronto	Mill St / Parliament St	10	15	4	0	43.650256	-79.36163	2023-06-05T15:38:08.885000Z	0	467
176	176	Toronto	Ossington Ave / Harrison St	15	19	4	0	43.65111111111111	-79.4213888888889	2023-06-05T15:38:08.898000Z	0	499
177	177	Toronto	80 Clinton St	14	15	1	0	43.656296	-79.414663	2023-06-05T15:38:08.899000Z	0	465
178	178	Toronto	Claremont St / Dundas St W	13	13	0	0	43.651281	-79.411717	2023-06-05T15:38:08.907000Z	0	524
179	179	Toronto	Rusholme Park Cres / College St	13	15	2	0	43.65277778	-79.42972222	2023-06-05T15:38:08.908000Z	0	342
180	180	Toronto	College St / Crawford St	17	19	2	0	43.655	-79.418889	2023-06-05T15:38:08.909000Z	0	473
181	181	Toronto	Gerrard Square Mall (1010 Gerrard St E)	9	19	9	0	43.668553	-79.338673	2023-06-05T15:38:08.925000Z	0	309
182	182	Toronto	Queen St E / Alton Av	16	19	3	0	43.663912	-79.327987	2023-06-05T15:38:08.926000Z	0	284
183	183	Toronto	Simcoe St / Wellington St W North	0	15	15	1	43.6462176	-79.3855048	2023-06-05T15:38:08.929000Z	0	1235
184	184	Toronto	Coxwell Ave / Plains Rd	14	19	5	0	43.69595	-79.328535	2023-06-05T15:38:08.932000Z	0	41
185	185	Toronto	Carlaw Ave / Strathcona Ave	8	15	7	0	43.6753188	-79.3462789	2023-06-05T15:38:08.933000Z	0	345
186	186	Toronto	Logan Ave / Bain Ave	10	11	1	0	43.6720273	-79.3470557	2023-06-05T15:38:08.934000Z	0	339
187	187	Toronto	Liberty St / Fraser Ave Green P	2	19	15	0	43.637981	-79.424146	2023-06-05T15:38:08.943000Z	0	389
188	188	Toronto	King St W / Douro St	11	11	0	0	43.640885	-79.416379	2023-06-05T15:38:08.943000Z	0	486
189	189	Toronto	Queen St E / Berkeley St	15	15	0	0	43.6552778	-79.36583333333333	2023-06-05T15:38:08.944000Z	0	719
190	190	Toronto	Howard St / Sherbourne St	11	15	4	0	43.6712581	-79.376367	2023-06-05T15:38:08.946000Z	0	472
191	191	Toronto	Carlton St / Parliament St	21	27	6	0	43.664524	-79.36793	2023-06-05T15:38:08.947000Z	0	324
192	192	Toronto	Sumach St / Carlton St. (Riverdale Farm)	6	14	7	0	43.665867	-79.362506	2023-06-05T15:38:08.948000Z	0	201
193	193	Toronto	King St W / Bay St (East Side)	0	19	19	0	43.648575	-79.380042	2023-06-05T15:38:08.949000Z	0	1331
194	194	Toronto	Front St W / Blue Jays Way	1	15	14	1	43.643473	-79.390477	2023-06-05T15:38:08.951000Z	0	1099
195	195	Toronto	Metro Hall Plaza	0	27	27	2	43.645859	-79.38783	2023-06-05T15:38:08.953000Z	0	1155
196	196	Toronto	Parliament St / Gerrard St	19	23	4	0	43.662132	-79.3656796	2023-06-05T15:38:08.954000Z	0	267
197	197	Toronto	Navy Wharf Crt / Bremner Blvd	7	11	2	0	43.640722	-79.391051	2023-06-05T15:38:08.957000Z	0	845
198	198	Toronto	Jarvis St / Carlton St	14	15	1	0	43.66207	-79.37617	2023-06-05T15:38:08.958000Z	0	947
199	199	Toronto	Lake Shore Blvd E / Knox Ave	3	11	8	0	43.660206	-79.3244	2023-06-05T15:38:08.959000Z	0	188
200	200	Toronto	Hubbard Blvd. / Glen Manor Dr.	0	15	14	0	43.668633	-79.291162	2023-06-05T15:38:08.961000Z	0	150
201	201	Toronto	Yonge St / Dundonald St - SMART	9	12	1	0	43.665801	-79.384796	2023-06-05T15:38:08.991000Z	0	959
202	202	Toronto	Bay St / Charles St W - SMART	0	20	20	0	43.668153	-79.38891	2023-06-05T15:38:08.992000Z	0	768
203	203	Toronto	Church St / Dundas St E - SMART	0	15	15	0	43.657024	-79.377257	2023-06-05T15:38:08.993000Z	0	1241
204	204	Toronto	Yonge St / Alexander St - SMART	17	18	1	0	43.662862	-79.383572	2023-06-05T15:38:08.593000Z	0	955
205	205	Toronto	Eglinton Ave W / Henning Ave SMART	19	20	1	0	43.7063473	-79.40161	2023-06-05T15:38:09Z	0	282
206	206	Toronto	Balliol St / Yonge St  SMART	20	20	0	0	43.6978701	-79.39419	2023-06-05T15:38:09.002000Z	0	190
207	207	Toronto	Frobisher Ave / Lascelles Blvd	16	19	0	0	43.696708	-79.40045	2023-06-05T15:38:09.003000Z	0	135
208	208	Toronto	Front St E / Scott St	0	10	10	1	43.6476616	-79.37549	2023-06-05T15:38:09.004000Z	0	1033
209	209	Toronto	Frederick St / The Esplanade	2	19	17	0	43.6487245	-79.36839	2023-06-05T15:38:09.005000Z	0	766
210	210	Toronto	King St W / Bay St (West Side)	10	39	23	1	43.64852	-79.380576	2023-06-05T15:38:09.025000Z	0	1315
211	211	Toronto	Elizabeth St / Edward St (Bus Terminal)	2	15	13	1	43.656026	-79.385327	2023-06-05T15:38:09.026000Z	0	1394
212	212	Toronto	King St W / Spadina Ave	7	19	12	0	43.645323	-79.395003	2023-06-05T15:38:09.027000Z	0	915
213	213	Toronto	Glen Edyth Dr / Davenport Rd	11	15	3	0	43.677778	-79.405556	2023-06-05T15:38:09.041000Z	0	178
214	214	Toronto	Queens Quay / Yonge St	7	31	24	0	43.641646	-79.375308	2023-06-05T15:38:09.042000Z	0	463
215	215	Toronto	Front St W / Bay St (North Side)	3	11	8	0	43.646162	-79.378912	2023-06-05T15:38:09.043000Z	0	1156
216	216	Toronto	Danforth Ave / Westlake Ave	12	15	3	0	43.687323	-79.304848	2023-06-05T15:38:09.044000Z	0	193
217	217	Toronto	Jarvis St / Isabella St	8	23	15	0	43.668991	-79.379385	2023-06-05T15:38:08.667000Z	0	749
218	218	Toronto	Yonge St / Wood St	15	15	0	0	43.6622222	-79.3825	2023-06-05T15:38:09.071000Z	0	953
219	219	Toronto	King St W / Tecumseth St	9	19	10	0	43.64333333333333	-79.40555555555557	2023-06-05T15:38:09.073000Z	0	546
220	220	Toronto	Beverley St / College St	0	23	23	0	43.6575	-79.39527777777778	2023-06-05T15:38:09.074000Z	0	720
221	221	Toronto	Gould St / Yonge St (Ryerson University)	0	23	22	0	43.657424	-79.381019	2023-06-05T15:38:09.075000Z	0	1270
222	222	Toronto	Front St W / Bay St (South Side)	5	19	13	0	43.64595	-79.378761	2023-06-05T15:38:09.076000Z	0	1124
223	223	Toronto	Charles St W / Balmuto St - SMART	20	20	0	0	43.668427	-79.38725	2023-06-05T15:38:09.077000Z	0	734
224	224	Toronto	Charles St E / Jarvis St - SMART	19	20	1	0	43.669604	-79.381171	2023-06-05T15:38:09.078000Z	0	661
225	225	Toronto	Queen St E / Pape Ave - SMART	6	16	10	0	43.661673	-79.337789	2023-06-05T15:38:09.079000Z	0	327
226	226	Toronto	Gerrard St E / Broadview - SMART	17	18	1	0	43.665656	-79.352055	2023-06-05T15:38:09.080000Z	0	186
227	227	Toronto	Humber Bay Shores Park East	5	23	16	0	43.6308933	-79.4722622	2023-06-05T15:38:09.083000Z	0	87
228	228	Toronto	Humber Bay Shores Park West	16	31	15	0	43.6224434	-79.480284	2023-06-05T15:38:09.084000Z	0	140
229	229	Toronto	Taddle Creek Park	10	15	5	0	43.66986	-79.398443	2023-06-05T15:38:09.085000Z	0	614
230	230	Toronto	Thompson St / Broadview Ave - SMART	3	12	9	0	43.659471	-79.350325	2023-06-05T15:38:09.091000Z	0	254
231	231	Toronto	Roncesvalles Ave / Marmaduke St	7	19	12	0	43.650492	-79.450842	2023-06-05T15:38:09.093000Z	0	242
232	232	Toronto	Queen St W  /  Fuller Ave - SMART	3	16	13	0	43.640255	-79.439223	2023-06-05T15:38:09.095000Z	0	273
233	233	Toronto	King / Cowan Ave - SMART	13	16	3	0	43.637922	-79.431734	2023-06-05T15:38:09.096000Z	0	358
234	234	Toronto	Garden Ave / Roncesvalles Ave	12	18	5	0	43.643769	-79.447915	2023-06-05T15:38:09.097000Z	0	274
235	235	Toronto	Sorauren Ave / Geoffrey St - SMART	11	16	5	0	43.649172	-79.4445087	2023-06-05T15:38:09.099000Z	0	240
236	236	Toronto	Bloor St W / Manning Ave - SMART	16	20	4	0	43.663912	-79.416124	2023-06-05T15:38:09.100000Z	0	445
237	237	Toronto	Simcoe St / Wellington St W South	2	27	25	0	43.6458569	-79.3853654	2023-06-05T15:38:08.956000Z	0	1170
238	238	Toronto	Mallon Ave / Jones Ave -SMART	14	16	2	0	43.66587	-79.33443	2023-06-05T15:38:08.597000Z	0	289
239	239	Toronto	Berkeley St / Dundas St E - SMART	7	19	11	0	43.658816	-79.367318	2023-06-05T15:38:08.942000Z	0	564
240	240	Toronto	128 Sterling Rd - SMART	10	20	10	0	43.654004	-79.444792	2023-06-05T15:38:08.703000Z	0	358
241	241	Toronto	Sunnyside Ave / The Queensway - SMART	7	19	12	0	43.6397	-79.44865	2023-06-05T15:38:08.703000Z	0	203
242	242	Toronto	Sackville St / Eastern Ave - SMART	7	12	4	0	43.653809	-79.3595	2023-06-05T15:38:08.702000Z	0	356
243	243	Toronto	Davenport Rd / McAlpine St - SMART	4	12	8	1	43.673768	-79.391253	2023-06-05T15:38:08.704000Z	0	525
244	244	Toronto	Sumach St  / Queen St E	19	19	0	0	43.656638	-79.358749	2023-06-05T15:38:08.892000Z	0	379
245	245	Toronto	Blythwood Rd / Yonge St - SMART	12	14	2	0	43.716652	-79.399993	2023-06-05T15:38:08.886000Z	0	95
246	246	Toronto	Gerrard St E / Main St	21	22	1	0	43.684261	-79.299332	2023-06-05T15:38:08.888000Z	0	197
247	247	Toronto	Southwood Dr / Kingston Rd - SMART	5	12	7	0	43.678685	-79.297974	2023-06-05T15:38:08.891000Z	0	124
248	248	Toronto	Neil McLellan Park	7	15	7	0	43.65143	-79.47779	2023-06-05T15:38:08.890000Z	0	202
249	249	Toronto	Jane St / Bloor St W (Jane Subway Station)	6	15	9	0	43.64976	-79.48477	2023-06-05T15:38:08.911000Z	0	192
250	250	Toronto	Antler St / Campbell Ave - SMART	12	20	8	0	43.664182	-79.449066	2023-06-05T15:38:08.924000Z	0	180
251	251	Toronto	Clarence Square	7	23	16	1	43.64407	-79.3929	2023-06-05T15:38:08.921000Z	0	1006
252	252	Toronto	Lake Shore Blvd W / Louisa St	5	15	10	0	43.61868	-79.48674	2023-06-05T15:38:08.918000Z	0	115
253	253	Toronto	Front St W / Simcoe St	0	19	19	0	43.6442	-79.38702	2023-06-05T15:38:09.114000Z	0	1047
254	254	Toronto	Lower Simcoe St / Bremner Blvd	0	15	15	0	43.64283	-79.38409	2023-06-05T15:38:09.122000Z	0	868
255	255	Toronto	Glendonwynne Ave / Bloor St W	13	19	6	0	43.65182	-79.47421	2023-06-05T15:38:09.123000Z	0	191
256	256	Toronto	Russell Hill Rd / St Clair Ave W	18	19	1	0	43.685569	-79.408019	2023-06-05T15:38:09.124000Z	0	86
257	257	Toronto	Church St / Lombard St	1	17	16	0	43.651678	-79.375233	2023-06-05T15:38:08.640000Z	0	1236
258	258	Toronto	Richmond St E / Yonge St	3	17	14	0	43.651838	-79.378743	2023-06-05T15:38:09.119000Z	0	1513
259	259	Toronto	High Park Amphitheatre	23	23	0	0	43.645653	-79.464366	2023-06-05T15:38:09.120000Z	0	64
260	260	Toronto	Queen's Park Cres W / Hoskin Ave	2	23	21	0	43.665221	-79.394009	2023-06-05T15:38:08.630000Z	0	687
261	261	Toronto	Pottery Rd / Lower Don River Trail	4	15	10	0	43.688148	-79.362101	2023-06-05T15:38:08.630000Z	0	23
262	262	Toronto	Bleecker St / St James Ave	18	23	4	0	43.669232	-79.374495	2023-06-05T15:38:08.631000Z	0	542
263	263	Toronto	Western Battery Rd / Pirandello St	24	31	7	0	43.640075	-79.414156	2023-06-05T15:38:08.633000Z	0	423
264	264	Toronto	Carlaw Ave / Danforth Ave	13	15	2	0	43.678285	-79.347346	2023-06-05T15:38:08.633000Z	0	337
265	265	Toronto	Cosburn Ave / Cedarvale Ave	10	15	5	0	43.697139	-79.31469	2023-06-05T15:38:08.797000Z	0	30
266	266	Toronto	Goodwood Park Ct / Dentonia Park	17	19	2	0	43.694826	-79.295208	2023-06-05T15:38:08.798000Z	0	166
267	267	Toronto	Eastwood Rd / Coxwell Ave	7	19	12	0	43.673118	-79.318651	2023-06-05T15:38:08.795000Z	0	149
268	268	Toronto	Trent Ave / Danforth Ave	21	23	1	0	43.689293	-79.295895	2023-06-05T15:38:08.796000Z	0	189
269	269	Toronto	Orchard Park	14	19	5	0	43.66908	-79.3149	2023-06-05T15:38:08.797000Z	0	158
270	270	Toronto	Clendenan Ave / Rowland St - SMART	16	19	3	0	43.66073	-79.47149	2023-06-05T15:38:08.795000Z	0	230
271	271	Toronto	Martin Goodman Trail / Remembrance Dr	26	26	0	0	43.63121	-79.41414	2023-06-05T15:38:08.793000Z	0	99
272	272	Toronto	Concord Ave / Bloor St W	13	15	2	0	43.66189	-79.42679	2023-06-05T15:38:08.822000Z	0	311
273	273	Toronto	Gothic Ave / Quebec Ave	13	19	6	0	43.65389	-79.4675	2023-06-05T15:38:08.828000Z	0	197
274	274	Toronto	Via Italia / Mackay Ave	13	16	3	1	43.676697	-79.445029	2023-06-05T15:38:08.821000Z	0	116
275	275	Toronto	Rushton Rd / St Clair Ave W	10	10	0	0	43.68114	-79.4277	2023-06-05T15:38:08.821000Z	0	248
276	276	Toronto	Dundas St E / Boulton Ave - SMART	12	16	3	0	43.663148	-79.347938	2023-06-05T15:38:08.825000Z	0	225
277	277	Toronto	Gerrard St E / Leslie St	14	22	8	0	43.669813	-79.3335	2023-06-05T15:38:08.824000Z	0	286
278	278	Toronto	Marilyn Bell Park Tennis Court	16	27	11	0	43.633537	-79.437461	2023-06-05T15:38:08.823000Z	0	176
279	279	Toronto	The Queensway at South Kingsway	1	23	22	1	43.63632	-79.47307	2023-06-05T15:38:09.008000Z	0	44
280	280	Toronto	Merton St / Mount Pleasant Rd	23	23	0	0	43.697819	-79.38786	2023-06-05T15:38:09.010000Z	0	175
281	281	Toronto	Tyndall Ave / King St W - SMART	8	16	8	0	43.638426	-79.429142	2023-06-05T15:38:09.011000Z	0	390
282	282	Toronto	College Park - Yonge St Entrance	1	25	23	0	43.65988	-79.38279	2023-06-05T15:38:08.586000Z	0	1075
283	283	Toronto	Bloor St W / Huron St	23	27	3	1	43.667023	-79.401805	2023-06-05T15:38:08.587000Z	0	525
284	284	Toronto	Barton Ave / Howland Ave - SMART	8	19	11	0	43.66842	-79.410585	2023-06-05T15:38:09.012000Z	0	486
285	285	Toronto	Keele St / Annette St	4	15	11	0	43.66402	-79.46418	2023-06-05T15:38:08.584000Z	0	227
286	286	Toronto	Keele St / Vine Ave	21	23	2	0	43.66686	-79.46526	2023-06-05T15:38:08.585000Z	0	231
287	287	Toronto	Howard St / Rose Ave	18	19	1	0	43.671278	-79.372127	2023-06-05T15:38:08.582000Z	0	329
288	288	Toronto	Little Norway Park	22	22	0	0	43.635023	-79.399505	2023-06-05T15:38:08.582000Z	0	73
289	289	Toronto	Isabella St / Church St	18	19	0	0	43.66834	-79.38235	2023-06-05T15:38:08.723000Z	0	776
290	290	Toronto	University Ave / Armoury St	1	23	20	0	43.65263	-79.38766	2023-06-05T15:38:08.724000Z	0	1463
291	291	Toronto	Lascelles Blvd / Eglinton Ave W	16	19	3	1	43.70547	-79.40355	2023-06-05T15:38:08.727000Z	0	283
292	292	Toronto	Polson Pier	15	23	8	0	43.641675	-79.354006	2023-06-05T15:38:08.727000Z	0	34
293	293	Toronto	Dentonia Park	10	23	12	0	43.694341	-79.291416	2023-06-05T15:38:08.789000Z	0	159
294	294	Toronto	Lower Jarvis / Queens Quay E	4	19	14	0	43.64422	-79.36927	2023-06-05T15:38:08.790000Z	0	486
295	295	Toronto	Summerhill Ave / Maclennan Ave	11	11	0	0	43.685924	-79.376304	2023-06-05T15:38:08.893000Z	0	14
296	296	Toronto	Queens Quay E / Lower Sherbourne St	6	26	19	0	43.645215	-79.364898	2023-06-05T15:38:08.579000Z	0	415
297	297	Toronto	Wright Ave / Sorauren Ave - SMART	6	18	10	0	43.646677	-79.442741	2023-06-05T15:38:09.098000Z	0	371
298	298	Toronto	Ellis Ave / The Queensway	1	19	18	0	43.63855	-79.46693	2023-06-05T15:38:08.910000Z	0	53
299	299	Toronto	High Park - Grenadier Cafe	8	11	2	0	43.645599	-79.4657123	2023-06-05T15:38:09.066000Z	0	87
300	300	Toronto	Winona Dr / Davenport Rd	11	11	0	0	43.674923	-79.430465	2023-06-05T15:38:08.525000Z	0	260
301	301	Toronto	Danforth Ave / Aldridge Ave	10	11	1	0	43.684758	-79.316767	2023-06-05T15:38:09.068000Z	0	150
302	302	Toronto	Dundonald St / Church St	28	36	8	0	43.66663	-79.38148	2023-06-05T15:38:08.835000Z	0	829
303	303	Toronto	Gerrard St E / Malvern Ave - SMART	10	19	9	1	43.685221	-79.294766	2023-06-05T15:38:08.940000Z	0	239
304	304	Toronto	Bathurst St/Queens Quay(Billy Bishop Airport)	30	35	3	0	43.635492	-79.398253	2023-06-05T15:38:08.904000Z	0	147
305	305	Toronto	Queens Quay W / Lower Simcoe St	12	19	6	0	43.63951	-79.383717	2023-06-05T15:38:08.620000Z	0	411
306	306	Toronto	Bremner Blvd / Rees St	1	23	20	1	43.641529	-79.386741	2023-06-05T15:38:09.021000Z	0	816
307	307	Toronto	King St W / Crawford St	20	23	2	0	43.6417852	-79.4131148	2023-06-05T15:38:08.581000Z	0	462
308	308	Toronto	Yonge St / Dundas Sq	1	27	25	0	43.655766	-79.3802	2023-06-05T15:38:08.790000Z	0	1357
309	309	Toronto	St Clair Ave W / Winona Ave	8	11	3	0	43.680466	-79.432522	2023-06-05T15:38:08.858000Z	0	257
310	310	Toronto	Bay St / Wellesley St W	28	51	22	4	43.664088	-79.387095	2023-06-05T15:38:08.666000Z	0	993
311	311	Toronto	Humberside Grounds - SMART	11	20	9	0	43.65917	-79.46997	2023-06-05T15:38:08.938000Z	0	298
312	312	Toronto	Bloor St E / Huntley St - SMART	11	16	5	0	43.671535	-79.379173	2023-06-05T15:38:08.577000Z	0	583
313	313	Toronto	Wellington St W / York St	2	23	21	0	43.646734	-79.38301	2023-06-05T15:38:09.113000Z	0	1209
314	314	Toronto	Dalton Rd / Bloor St W	12	15	3	0	43.6662942	-79.4066433	2023-06-05T15:38:08.773000Z	0	524
315	315	Toronto	Davenport Rd / Christie St	13	27	13	0	43.675278	-79.423889	2023-06-05T15:38:09.069000Z	0	256
316	316	Toronto	King St W / Jordan St	0	11	10	0	43.648928	-79.378623	2023-06-05T15:38:08.584000Z	0	1301
317	317	Toronto	George St / King St E	2	15	13	0	43.6509552	-79.3707	2023-06-05T15:38:08.999000Z	0	929
318	318	Toronto	E.T. Seton Park (Eglinton Ave E / Leslie St)	16	27	10	0	43.715951	-79.351246	2023-06-05T15:38:08.631000Z	0	12
319	319	Toronto	Woodbine Ave / Lake Shore Blvd E	3	27	24	1	43.665645	-79.304711	2023-06-05T15:38:09.020000Z	0	115
320	320	Toronto	King St W / Charlotte St	4	23	19	0	43.645572	-79.39399	2023-06-05T15:38:08.728000Z	0	1029
321	321	Toronto	Jarvis St / Richmond St E	11	19	8	1	43.652777	-79.372637	2023-06-05T15:38:08.922000Z	0	1070
322	322	Toronto	Symington Ave / Dupont St	8	15	7	0	43.665538	-79.451263	2023-06-05T15:38:08.923000Z	0	112
323	323	Toronto	King St E / Jarvis St	1	25	23	1	43.650325	-79.372287	2023-06-05T15:38:08.591000Z	0	960
324	324	Toronto	Bay St / Bloor St W (East Side)	0	15	15	1	43.66943	-79.38915	2023-06-05T15:38:08.835000Z	0	730
325	325	Toronto	Bay St / Bloor St W (West Side)	11	19	8	1	43.669244	-79.3894	2023-06-05T15:38:08.927000Z	0	734
326	326	Toronto	Lonsdale Rd / Spadina Rd	15	15	0	0	43.688526	-79.412903	2023-06-05T15:38:08.794000Z	0	60
327	327	Toronto	Wells Hill Ave / St Clair Ave W	14	15	1	0	43.683351	-79.41562	2023-06-05T15:38:08.818000Z	0	173
328	328	Toronto	Dundas St E / George St	25	25	0	0	43.6574766	-79.373446	2023-06-05T15:38:08.793000Z	0	1104
329	329	Toronto	Fleet St / Bathurst St	12	23	11	0	43.636611	-79.400042	2023-06-05T15:38:08.613000Z	0	302
330	330	Toronto	Tecumseth St / Queen St W - SMART	7	9	2	0	43.646552	-79.406468	2023-06-05T15:38:08.812000Z	0	567
331	331	Toronto	Wellington St W / Bay St	0	27	26	1	43.647259	-79.379878	2023-06-05T15:38:08.952000Z	0	1216
332	332	Toronto	Briar Hill Ave / Yonge St - SMART	16	16	0	0	43.713524	-79.400162	2023-06-05T15:38:08.887000Z	0	148
333	333	Toronto	King St E / Church St	1	15	13	0	43.65003919999999	-79.3733541	2023-06-05T15:38:08.609000Z	0	1010
334	334	Toronto	Bay St / Albert St	5	35	30	0	43.653264	-79.382458	2023-06-05T15:38:08.831000Z	0	1653
335	335	Toronto	Wellesley St W / Queen's Park Cres	5	18	12	0	43.663376	-79.392125	2023-06-05T15:38:08.592000Z	0	971
336	336	Toronto	Bay St / College St (East Side)	2	19	16	0	43.660439	-79.385525	2023-06-05T15:38:08.597000Z	0	1011
337	337	Toronto	University Ave / College St (West)	0	11	11	0	43.659226	-79.390213	2023-06-05T15:38:08.770000Z	0	823
338	338	Toronto	University Ave / College St (East)	1	14	13	0	43.65995	-79.38964	2023-06-05T15:38:08.939000Z	0	902
339	339	Toronto	Queen's Park Cres E / Grosvenor St - SMART	1	12	11	0	43.661803	-79.389682	2023-06-05T15:38:08.997000Z	0	1006
340	340	Toronto	Bay St / College St (West Side) - SMART	1	12	9	0	43.660087	-79.385655	2023-06-05T15:38:09.094000Z	0	986
341	341	Toronto	Superior Ave / Lake Shore Blvd W	10	17	7	0	43.6146692	-79.4873148	2023-06-05T15:38:08.530000Z	0	98
342	342	Toronto	Humber Bay Shores Park / Marine Parade Dr	13	31	17	0	43.626265	-79.476723	2023-06-05T15:38:08.531000Z	0	132
343	343	Toronto	Lake Shore Blvd W / Colborne Lodge Dr	4	27	23	0	43.63771	-79.458173	2023-06-05T15:38:08.532000Z	0	38
344	344	Toronto	Ripley Ave / Ormskirk Ave	0	22	22	0	43.6390437	-79.4760109	2023-06-05T15:38:08.529000Z	0	35
345	345	Toronto	St Clarens Ave / Shirley St	13	15	2	0	43.6486599	-79.4376413	2023-06-05T15:38:08.662000Z	0	420
346	346	Toronto	Lisgar Park	23	23	0	0	43.6423847	-79.4240277	2023-06-05T15:38:08.665000Z	0	594
347	347	Toronto	Bartlett Parkette	23	23	0	0	43.6702236	-79.4360232	2023-06-05T15:38:08.664000Z	0	72
348	348	Toronto	Sherbourne St N / Elm Ave	17	22	5	0	43.6752732	-79.3778458	2023-06-05T15:38:08.828000Z	0	250
349	349	Toronto	Walnut Ave / Queen St W	13	16	3	0	43.645469	-79.411084	2023-06-05T15:38:08.826000Z	0	557
350	350	Toronto	Vaughan Rd /Wychwood Ave	19	19	0	0	43.6882821	-79.4253856	2023-06-05T15:38:08.949000Z	0	196
351	351	Toronto	Palmerston Ave / Dundas St W	22	23	0	0	43.651603	-79.408346	2023-06-05T15:38:08.827000Z	0	502
352	352	Toronto	541 Huron St - SMART	11	19	8	0	43.670206	-79.402643	2023-06-05T15:38:08.878000Z	0	596
353	353	Toronto	Euclid Ave / Herrick St - SMART	9	16	7	0	43.661559	-79.413845	2023-06-05T15:38:08.826000Z	0	644
354	354	Toronto	Baldwin St / Henry St	2	15	13	0	43.6560758	-79.393259	2023-06-05T15:38:09.018000Z	0	832
355	355	Toronto	Orde St / McCaul St	1	15	14	0	43.6580442	-79.3927404	2023-06-05T15:38:08.696000Z	0	705
356	356	Toronto	Ross St / Cecil St - SMART	6	18	12	0	43.6568254	-79.3966159	2023-06-05T15:38:08.616000Z	0	632
357	357	Toronto	Lake Shore Blvd W / Thirty Ninth Street	6	19	13	0	43.5927419	-79.54033009999999	2023-06-05T15:38:08.586000Z	0	41
358	358	Toronto	Lake Shore Blvd W / Twenty Fourth St	6	19	13	0	43.597082	-79.522768	2023-06-05T15:38:08.585000Z	0	49
359	359	Toronto	Windsor St / Newcastle St	24	31	7	0	43.6171635	-79.4971065	2023-06-05T15:38:08.588000Z	0	111
360	360	Toronto	Royal York Rd / Mimico Ave	1	20	18	0	43.612063	-79.496573	2023-06-05T15:38:08.589000Z	0	111
361	361	Toronto	Berry Rd / Bell Manor Dr	7	19	12	0	43.63732	-79.489083	2023-06-05T15:38:09.029000Z	0	27
362	362	Toronto	Humber College	1	27	26	0	43.5961692	-79.5160575	2023-06-05T15:38:08.589000Z	0	48
363	363	Toronto	Amos Waites Park	8	27	18	0	43.613606	-79.4883535	2023-06-05T15:38:08.530000Z	0	94
364	364	Toronto	Priscilla  Ave / Dundas St W	19	23	4	0	43.664665	-79.489385	2023-06-05T15:38:08.714000Z	0	104
365	365	Toronto	Durie St / Dundas St W	15	23	8	0	43.665523	-79.484892	2023-06-05T15:38:08.713000Z	0	110
366	366	Toronto	St Clair Ave W / Castleton Ave	4	19	15	0	43.668496	-79.485426	2023-06-05T15:38:08.715000Z	0	62
367	367	Toronto	Weston Lions Park	18	27	9	0	43.698841	-79.519472	2023-06-05T15:38:08.712000Z	0	18
368	368	Toronto	Annette St / Jane St	11	15	4	0	43.658574	-79.487246	2023-06-05T15:38:08.715000Z	0	94
369	369	Toronto	Jameson Ave / Queen St W	12	27	15	0	43.63985	-79.43703	2023-06-05T15:38:08.809000Z	0	284
370	370	Toronto	Carlaw Ave / Dundas St E	12	17	5	0	43.665076	-79.341509	2023-06-05T15:38:08.897000Z	0	370
371	371	Toronto	Toronto Inukshuk Park	32	47	15	0	43.6323994	-79.40978179999999	2023-06-05T15:38:08.810000Z	0	65
372	372	Toronto	Cosburn Ave / Durant Ave	9	15	6	0	43.6935477	-79.3301658	2023-06-05T15:38:08.614000Z	0	50
373	373	Toronto	Swansea Community Centre	13	15	2	0	43.6438036	-79.4770327	2023-06-05T15:38:09.028000Z	0	169
374	374	Toronto	Bellwoods Ave / Treford Pl - SMART	20	20	0	0	43.65246	-79.413528	2023-06-05T15:38:09.014000Z	0	519
375	375	Toronto	Bayview Ave / Lawren Harris Square	15	15	0	0	43.6548521	-79.35397680000001	2023-06-05T15:38:08.900000Z	0	332
376	376	Toronto	The Queensway / High St	6	23	17	0	43.630874	-79.482407	2023-06-05T15:38:08.588000Z	0	128
377	377	Toronto	Symington Ave / Davenport Rd	12	13	1	0	43.6704403	-79.45328549999999	2023-06-05T15:38:08.666000Z	0	104
378	378	Toronto	Front St E / Bayview Avenue	19	22	3	0	43.6535	-79.354068	2023-06-05T15:38:08.903000Z	0	334
379	379	Toronto	Oak St / Sumach St	9	27	18	0	43.6617908	-79.361515	2023-06-05T15:38:08.902000Z	0	301
380	380	Toronto	The Esplanade / Hahn Pl	14	19	3	0	43.649709	-79.364184	2023-06-05T15:38:09.040000Z	0	623
381	381	Toronto	439 Sherbourne St	12	47	34	0	43.666051	-79.374161	2023-06-05T15:38:09.007000Z	0	625
382	382	Toronto	Glebe Rd W / Yonge St	18	19	0	0	43.7005976	-79.397345	2023-06-05T15:38:08.564000Z	0	289
383	383	Toronto	Hillsdale Ave W / Yonge St	14	15	1	0	43.7029672	-79.3979073	2023-06-05T15:38:09.108000Z	0	326
384	384	Toronto	Alvin Ave / St Clair Ave E	17	19	2	0	43.68871	-79.39264	2023-06-05T15:38:09.013000Z	0	136
385	385	Toronto	Eglinton Ave W / Scarlett Rd	17	22	5	0	43.6834703	-79.5108942	2023-06-05T15:38:09.111000Z	0	3
386	386	Toronto	The Pond Rd / Sentinel Rd	11	27	16	0	43.7696262	-79.5025943	2023-06-05T15:38:09.104000Z	0	35
387	387	Toronto	Sentinel Rd / Finch Hydro Corridor	20	27	7	0	43.7641485	-79.5012809	2023-06-05T15:38:09.105000Z	0	43
388	388	Toronto	Finch West Subway Station	21	23	2	0	43.76521	-79.491281	2023-06-05T15:38:09.106000Z	0	47
389	389	Toronto	Dufferin St / Finch Hydro Recreational Trail	19	19	0	0	43.7724019	-79.4675395	2023-06-05T15:38:09.107000Z	0	25
390	390	Toronto	G Ross Lord Park	19	19	0	0	43.7781116	-79.467963	2023-06-05T15:38:09.102000Z	0	21
391	391	Toronto	Elwood Blvd / Avenue Rd	22	23	1	0	43.707049	-79.40966	2023-06-05T15:38:08.846000Z	0	145
392	392	Toronto	Roehampton St / Bayview Ave	24	27	0	0	43.711751	-79.378615	2023-06-05T15:38:08.638000Z	0	49
393	393	Toronto	Teddington Park Ave	14	15	1	0	43.732975	-79.40401	2023-06-05T15:38:08.837000Z	0	39
394	394	Toronto	Ursula Franklin St / Huron St - SMART	5	20	15	0	43.660274	-79.398049	2023-06-05T15:38:08.973000Z	0	521
395	395	Toronto	Woodbine Ave / O'Connor Dr	13	19	6	2	43.699281	-79.318802	2023-06-05T15:38:08.971000Z	0	66
396	396	Toronto	O'Connor Dr / Curity Ave - Smart	19	24	5	1	43.707582	-79.311439	2023-06-05T15:38:08.970000Z	0	27
397	397	Toronto	Dawes Rd / Taylor Creek Trl	1	19	18	0	43.696631	-79.297436	2023-06-05T15:38:08.966000Z	0	160
398	398	Toronto	Queen St W / John St	1	23	21	0	43.650077	-79.391291	2023-06-05T15:38:09.015000Z	0	1400
399	399	Toronto	Fairmount Park	6	19	12	0	43.6765897	-79.3163022	2023-06-05T15:38:08.965000Z	0	138
400	400	Toronto	Richmond St W / York St	1	17	16	0	43.650745	-79.383633	2023-06-05T15:38:08.837000Z	0	1636
401	401	Toronto	Sunnybrook Park	21	27	4	0	43.720233	-79.362092	2023-06-05T15:38:08.963000Z	0	51
402	402	Toronto	Vaughan Rd / Oakwood Ave	19	19	0	0	43.6926825	-79.441042	2023-06-05T15:38:08.775000Z	0	35
403	403	Toronto	Braemar Ave / Eglinton Ave W	13	14	1	0	43.7041957	-79.4094472	2023-06-05T15:38:08.775000Z	0	99
404	404	Toronto	Eglinton Ave E / Redpath Ave	15	15	0	0	43.7078691	-79.39248	2023-06-05T15:38:08.682000Z	0	295
405	405	Toronto	Marie Curtis Park	4	23	17	1	43.5880774	-79.5432067	2023-06-05T15:38:08.683000Z	0	23
406	406	Toronto	Guildwood GO Station (South)	6	11	4	0	43.754978	-79.1971289	2023-06-05T15:38:08.679000Z	0	28
407	407	Toronto	Chorley Park - SMART	19	20	0	0	43.6856	-79.3718	2023-06-05T15:38:08.996000Z	0	21
408	408	Toronto	Cherry Beach	44	49	3	0	43.637764	-79.345359	2023-06-05T15:38:08.559000Z	0	8
409	409	Toronto	Spadina Ave / Harbord St - SMART	11	36	24	0	43.6629228	-79.4018451	2023-06-05T15:38:09.081000Z	0	450
410	410	Toronto	Ursula Franklin St / St. George St - SMART	0	16	16	1	43.660296	-79.397107	2023-06-05T15:38:08.653000Z	0	516
411	411	Toronto	Rouge Hill GO Station	16	25	9	0	43.7805505	-79.1301203	2023-06-05T15:38:08.680000Z	0	10
412	412	Toronto	Colonel Danforth Park	15	19	4	0	43.7777114	-79.1659711	2023-06-05T15:38:08.777000Z	0	20
413	413	Toronto	Morningside Park (Highland Creek Trail)	17	23	6	0	43.779353	-79.193023	2023-06-05T15:38:08.776000Z	0	14
414	414	Toronto	Livingston Rd / Guildwood Pkwy	15	19	3	0	43.747854	-79.199327	2023-06-05T15:38:08.781000Z	0	15
415	415	Toronto	Livingston Rd (Highland Creek Trail)	19	19	0	0	43.7561681	-79.2026694	2023-06-05T15:38:08.781000Z	0	12
416	416	Toronto	Twelfth St / Thirteenth St	1	22	20	0	43.6002896	-79.5108692	2023-06-05T15:38:08.545000Z	0	54
417	417	Toronto	Florence Gell Park	4	15	11	0	43.6615467	-79.498398	2023-06-05T15:38:08.546000Z	0	51
418	418	Toronto	Wallace Ave / Pauline Ave	10	17	7	0	43.6632257	-79.4397052	2023-06-05T15:38:08.661000Z	0	224
419	419	Toronto	Kingston Rd / Beech Ave	11	15	4	1	43.680095	-79.291714	2023-06-05T15:38:08.779000Z	0	147
420	420	Toronto	Victoria Park Ave / Danforth Ave	10	18	8	0	43.691468	-79.288619	2023-06-05T15:38:08.779000Z	0	166
421	421	Toronto	Union Station	5	43	37	1	43.645609	-79.380386	2023-06-05T15:38:08.668000Z	0	1176
422	422	Toronto	Hayter St / Laplante Ave	3	21	17	0	43.6591666666667	-79.3855555555556	2023-06-05T15:38:09.070000Z	0	929
423	423	Toronto	Seaton St / Dundas St E - SMART	17	32	14	0	43.658777	-79.369596	2023-06-05T15:38:08.752000Z	0	670
424	424	Toronto	Lundy Ave / Etienne Brule Park	1	15	14	0	43.6625395	-79.5030161	2023-06-05T15:38:08.686000Z	0	17
425	425	Toronto	Chiltern Hill Rd / Eglinton Ave W	17	17	0	0	43.7004017	-79.4275305	2023-06-05T15:38:08.544000Z	0	38
426	426	Toronto	Torresdale Ave / Antibes Dr	5	15	9	0	43.77953	-79.45233	2023-06-05T15:38:09.103000Z	0	13
427	427	Toronto	Esther Shiner Stadium	11	23	11	0	43.7774374	-79.4447096	2023-06-05T15:38:08.857000Z	0	18
428	428	Toronto	St. George St / Hoskin Ave	0	15	15	0	43.6637403	-79.39806449999999	2023-06-05T15:38:08.785000Z	0	548
429	429	Toronto	Fleming Cres / Bayview Ave	15	15	0	0	43.707045	-79.375437	2023-06-05T15:38:08.637000Z	0	39
430	430	Toronto	King St E / Victoria St	1	19	17	0	43.6495789	-79.3762096	2023-06-05T15:38:08.930000Z	0	1206
431	431	Toronto	Alameda Ave / Vaughan Rd - SMART	16	16	0	0	43.690903	-79.4375028	2023-06-05T15:38:09.110000Z	0	35
432	432	Toronto	Adelaide St W / Strachan Ave	13	15	1	0	43.643253094827294	-79.41230469904167	2023-06-05T15:38:08.919000Z	0	561
433	433	Toronto	Royal York Rd / Lake Shore Blvd W	3	19	16	0	43.6029904	-79.4926867	2023-06-05T15:38:08.682000Z	0	29
434	434	Toronto	Runnymede Rd / Annette St	6	15	9	0	43.6596299	-79.4799176	2023-06-05T15:38:08.548000Z	0	165
435	435	Toronto	Salem Ave / Bloor St W	11	15	4	0	43.6608333	-79.43166666666667	2023-06-05T15:38:08.872000Z	0	305
436	436	Toronto	Dufferin St / Bloor St W	21	22	1	0	43.66083333333333	-79.43583333333333	2023-06-05T15:38:08.871000Z	0	232
437	437	Toronto	Davisville Ave / Pailton Cres	17	19	2	0	43.69933	-79.39199	2023-06-05T15:38:08.789000Z	0	223
438	438	Toronto	High Park Ave / Dundas St W	11	15	4	0	43.6653032	-79.4701178	2023-06-05T15:38:09.109000Z	0	229
439	439	Toronto	Judson St / Royal York Rd	13	19	6	0	43.6162721	-79.4990363	2023-06-05T15:38:08.547000Z	0	111
440	440	Toronto	Wilket Creek Park	19	27	8	0	43.720645	-79.355474	2023-06-05T15:38:08.964000Z	0	16
441	441	Toronto	Annette St / Dundas St W	10	15	5	0	43.6641174	-79.4588522	2023-06-05T15:38:09.032000Z	0	257
442	442	Toronto	Noble St / Queen St W	4	15	11	0	43.6424558	-79.4296346	2023-06-05T15:38:08.544000Z	0	552
443	443	Toronto	Oriole Pkwy / Kilbarry Rd	16	19	2	0	43.6954486	-79.4026176	2023-06-05T15:38:09.030000Z	0	128
444	444	Toronto	East Lynn Ave / Danforth Ave	9	15	6	0	43.6850809	-79.3149901	2023-06-05T15:38:09.037000Z	0	130
445	445	Toronto	Langford Ave / Danforth Ave - SMART	10	16	6	0	43.6800218	-79.3405681	2023-06-05T15:38:08.634000Z	0	263
446	446	Toronto	University of Toronto Scarborough	14	16	2	0	43.7842419	-79.1849889	2023-06-05T15:38:09.036000Z	0	10
447	447	Toronto	190 Queens Quay E	7	15	8	0	43.6451308	-79.36536439999999	2023-06-05T15:38:08.880000Z	0	439
448	448	Toronto	324 Cherry St	13	19	5	0	43.6482995	-79.3552533	2023-06-05T15:38:08.702000Z	0	280
449	449	Toronto	Elm St/ University Ave (East Side)	7	17	10	0	43.65637299999999	-79.38781039999999	2023-06-05T15:38:09.034000Z	0	1262
450	450	Toronto	Walton St / Elizabeth St - SMART	2	20	18	0	43.657838	-79.38631	2023-06-05T15:38:08.580000Z	0	1086
451	451	Toronto	Waterfront Trail (Rouge Hill)	0	19	17	0	43.778015	-79.131911	2023-06-05T15:38:08.777000Z	0	10
452	452	Toronto	St Clair Ave W / Gunns Rd	18	23	5	0	43.672079	-79.470171	2023-06-05T15:38:08.713000Z	0	184
453	453	Toronto	Pape Ave / Gamble Ave	9	19	10	0	43.690237	-79.350119	2023-06-05T15:38:08.563000Z	0	80
454	454	Toronto	Roehampton Ave / Mount Pleasant Rd	18	19	1	0	43.70942	-79.39139	2023-06-05T15:38:08.725000Z	0	265
455	455	Toronto	Church St / Bloor St E	4	15	11	0	43.671389	-79.382919	2023-06-05T15:38:08.669000Z	0	638
456	456	Toronto	200 Bloor St E	13	23	10	0	43.671561	-79.38117	2023-06-05T15:38:08.931000Z	0	630
457	457	Toronto	Bloor St W / Balmuto St	5	11	6	1	43.669903	-79.387802	2023-06-05T15:38:08.995000Z	0	723
458	458	Toronto	Moore Park	12	14	1	1	43.693256	-79.383238	2023-06-05T15:38:08.637000Z	0	33
459	459	Toronto	Bloor St W / Pacific Ave	5	7	2	0	43.65412449999999	-79.4636388	2023-06-05T15:38:08.846000Z	0	152
460	460	Toronto	Danforth Ave / Dewhurst Blvd	12	15	3	0	43.680207	-79.339243	2023-06-05T15:38:08.975000Z	0	256
461	461	Toronto	Bloor St W / Brock Ave	9	11	1	0	43.6589882	-79.438715	2023-06-05T15:38:08.847000Z	0	182
462	462	Toronto	Davenport Rd / Dovercourt Rd - SMART	16	16	0	0	43.6741219	-79.4352208	2023-06-05T15:38:08.729000Z	0	208
463	463	Toronto	1 Market St - SMART	5	19	4	0	43.6469928	-79.3706665	2023-06-05T15:38:08.848000Z	0	829
464	464	Toronto	Brick Works	3	25	22	0	43.683884	-79.36647	2023-06-05T15:38:08.972000Z	0	46
465	465	Toronto	University Ave / Gerrard St W (WEST) - SMART	0	18	18	1	43.6578449	-79.3899265	2023-06-05T15:38:08.548000Z	0	878
466	466	Toronto	University Ave / King St W - SMART	2	23	20	0	43.6477785	-79.3847928	2023-06-05T15:38:09.082000Z	0	1275
467	467	Toronto	Amroth Ave / Danforth Ave	13	19	6	1	43.6856128	-79.31168269999999	2023-06-05T15:38:08.979000Z	0	163
468	468	Toronto	Summerhill Subway Station	9	11	2	0	43.681944	-79.390556	2023-06-05T15:38:08.673000Z	0	187
469	469	Toronto	Highfield Rd / Gerrard St E	16	19	3	0	43.671771	-79.324961	2023-06-05T15:38:08.896000Z	0	181
470	470	Toronto	Niagara St / Richmond St W	26	26	0	0	43.64534	-79.409597	2023-06-05T15:38:08.535000Z	0	543
471	471	Toronto	Beaty Ave / Queen St W	15	19	4	0	43.6393107	-79.4408141	2023-06-05T15:38:08.753000Z	0	275
472	472	Toronto	Blantyre Park	23	23	0	0	43.68306889999999	-79.279682	2023-06-05T15:38:08.757000Z	0	63
473	473	Toronto	Queen St E / Rushbrooke Ave	12	15	3	0	43.6626628	-79.3323698	2023-06-05T15:38:08.658000Z	0	249
474	474	Toronto	Donlands Subway Station	14	15	1	0	43.681114	-79.3373885	2023-06-05T15:38:09.001000Z	0	228
475	475	Toronto	Lynn Williams St / East Liberty St - SMART	4	15	11	0	43.638925	-79.4168659	2023-06-05T15:38:08.662000Z	0	420
476	476	Toronto	Eastwood Rd / Woodbine Ave - SMART	11	14	3	0	43.676216	-79.309395	2023-06-05T15:38:08.888000Z	0	65
477	477	Toronto	Victoria St / Queen St E	2	23	21	0	43.652822	-79.378208	2023-06-05T15:38:08.726000Z	0	1410
478	478	Toronto	285 Victoria St	0	19	19	0	43.656633	-79.379625	2023-06-05T15:38:09.022000Z	0	1223
479	479	Toronto	Gerrard St E / Victoria Park Ave - SMART	13	16	3	1	43.686962	-79.286864	2023-06-05T15:38:08.935000Z	0	187
480	480	Toronto	Kilgour Rd / Rumsey Rd	16	17	1	0	43.718039	-79.371914	2023-06-05T15:38:08.753000Z	0	54
481	481	Toronto	Bay St / Scollard St	5	15	10	1	43.672152	-79.39018	2023-06-05T15:38:08.539000Z	0	612
482	482	Toronto	Weston Rd / St Clair Ave W - SMART	13	19	6	0	43.673019	-79.467994	2023-06-05T15:38:08.711000Z	0	184
483	483	Toronto	Sunnybrook Health Centre - L Wing	12	15	3	0	43.72268	-79.37644	2023-06-05T15:38:08.754000Z	0	15
484	484	Toronto	Dundas St W / St Helen's Ave - SMART	23	26	3	0	43.6504218	-79.4407647	2023-06-05T15:38:08.756000Z	0	352
485	485	Toronto	Yonge St / St Clair Ave	8	19	10	0	43.68850459999999	-79.3940052	2023-06-05T15:38:09.031000Z	0	136
486	486	Toronto	Spadina Ave / Blue Jays Way	8	30	22	1	43.641705	-79.393295	2023-06-05T15:38:08.583000Z	0	791
487	487	Toronto	Bloor St W / Riverside Dr	18	23	5	0	43.647663	-79.487583	2023-06-05T15:38:08.546000Z	0	119
488	488	Toronto	Simcoe St / Dundas St W - SMART	2	20	1	0	43.6558557	-79.3894093	2023-06-05T15:38:08.998000Z	0	1290
489	489	Toronto	Sunnybrook Health Centre - S Wing	7	11	4	0	43.720998	-79.377456	2023-06-05T15:38:08.754000Z	0	16
490	490	Toronto	Yonge St / Woburn Ave - SMART	10	12	0	0	43.72814640000001	-79.4032194	2023-06-05T15:38:08.606000Z	0	39
491	491	Toronto	Simcoe St / Michael Sweet Ave	2	19	17	0	43.652327224103	-79.3882538196087	2023-06-05T15:38:08.672000Z	0	1416
492	492	Toronto	Queen St W / Dovercourt Rd	5	11	5	0	43.6438602	-79.4227573	2023-06-05T15:38:08.786000Z	0	561
493	493	Toronto	Yonge St / Montgomery Ave - SMART	10	12	0	0	43.7093201	-79.3996301	2023-06-05T15:38:08.607000Z	0	269
494	494	Toronto	Kings Mill Park	15	27	12	0	43.64920406876699	-79.49336334201408	2023-06-05T15:38:08.856000Z	0	51
495	495	Toronto	University Ave / Richmond St W	0	35	33	0	43.6503935	-79.3860211	2023-06-05T15:38:09.035000Z	0	1566
496	496	Toronto	135 Queens Wharf Rd - SMART	10	16	6	0	43.6399714	-79.39940399999999	2023-06-05T15:38:08.543000Z	0	538
497	497	Toronto	406 Oakwood Ave	19	19	0	0	43.68827060022711	-79.43937767081853	2023-06-05T15:38:08.532000Z	0	48
498	498	Toronto	Granby St / Church St - SMART	7	24	17	0	43.6614605	-79.37894570000002	2023-06-05T15:38:08.881000Z	0	1028
499	499	Toronto	Lumsden Ave / Eastdale Ave	18	20	2	0	43.69413548199171	-79.30058718775287	2023-06-05T15:38:08.967000Z	0	161
500	500	Toronto	Yonge St / Lawrence Ave	23	23	0	0	43.7254665	-79.40115449999999	2023-06-05T15:38:08.678000Z	0	40
501	501	Toronto	Yonge St / Orchard View Blvd	25	35	9	0	43.7083577	-79.39886200000001	2023-06-05T15:38:08.627000Z	0	309
502	502	Toronto	Hanna Ave / Liberty St	0	17	17	0	43.63840090000001	-79.4197107	2023-06-05T15:38:08.674000Z	0	434
503	503	Toronto	Lower Don River Trail and Taylor Creek Trail	7	19	12	0	43.7027268	-79.33368089999999	2023-06-05T15:38:08.859000Z	0	46
504	504	Toronto	St Columba Pl / St Clair Ave E	11	18	7	0	43.70567	-79.310554	2023-06-05T15:38:08.968000Z	0	26
505	505	Toronto	Strachan Ave / Princes' Blvd	5	19	14	0	43.635	-79.4088888888889	2023-06-05T15:38:08.603000Z	0	131
506	506	Toronto	King St E / River St	15	15	0	0	43.65678478285314	-79.35627385059036	2023-06-05T15:38:08.749000Z	0	369
507	507	Toronto	Yonge St / Golfdale Rd	15	15	0	0	43.732016	-79.403637	2023-06-05T15:38:08.634000Z	0	39
508	508	Toronto	909 Yonge St	10	14	4	0	43.67515255542865	-79.38849615969643	2023-06-05T15:38:09.039000Z	0	522
509	509	Toronto	640 Bloor Street E	15	19	4	0	43.67468857448634	-79.36701962396272	2023-06-05T15:38:08.945000Z	0	133
510	510	Toronto	York University (Glendon Campus) - SMART	15	16	1	0	43.72736548824631	-79.3814254607724	2023-06-05T15:38:08.604000Z	0	15
511	511	Toronto	1303 Yonge St - SMART	13	16	2	0	43.6846177	-79.39245919999999	2023-06-05T15:38:08.604000Z	0	154
512	512	Toronto	York University Station (South) - SMART	12	16	4	0	43.77345	-79.5002	2023-06-05T15:38:08.598000Z	0	28
513	513	Toronto	Woodbine Subway Station	10	15	5	0	43.686442	-79.313404	2023-06-05T15:38:09.019000Z	0	138
514	514	Toronto	Spadina Ave / Sussex Ave - SMART	32	35	3	0	43.66402799999999	-79.40297869999999	2023-06-05T15:38:08.755000Z	0	442
515	515	Toronto	Simcoe St / Queen St W	2	39	36	1	43.65049	-79.3873	2023-06-05T15:38:08.831000Z	0	1440
516	516	Toronto	Bathurst St / Front St W	24	27	3	0	43.64134790000001	-79.4013882	2023-06-05T15:38:08.803000Z	0	569
517	517	Toronto	Bay St / Harbour St (East)	11	23	12	0	43.64215	-79.377	2023-06-05T15:38:08.801000Z	0	574
518	518	Toronto	E Liberty St / Western Battery Rd	17	18	1	0	43.6392777	-79.4115736	2023-06-05T15:38:08.731000Z	0	353
519	519	Toronto	King St W / Brant St	1	22	20	0	43.645102	-79.39744979999999	2023-06-05T15:38:08.801000Z	0	843
520	520	Toronto	Bloor St W / Gladstone Ave - SMART	10	11	1	0	43.6602021	-79.4342726	2023-06-05T15:38:08.799000Z	0	272
521	521	Toronto	High Park Blvd / Parkside Dr	7	15	8	0	43.644887	-79.45641169999999	2023-06-05T15:38:08.808000Z	0	172
522	522	Toronto	20 Eaton Ave	7	26	19	14	43.680012	-79.34403250000001	2023-06-05T15:38:08.807000Z	0	279
523	523	Toronto	Fort York Blvd / Garrison Rd	14	15	1	0	43.637381	-79.406112	2023-06-05T15:38:08.717000Z	0	294
524	524	Toronto	Housey St / Dan Leckie Way	14	27	11	0	43.63811	-79.397877	2023-06-05T15:38:08.829000Z	0	379
525	525	Toronto	1525 Dundas St W	6	15	8	0	43.64957	-79.432446	2023-06-05T15:38:08.605000Z	0	393
526	526	Toronto	Bay St / Harbour St (West)	11	15	4	0	43.64191	-79.378325	2023-06-05T15:38:08.802000Z	0	573
527	527	Toronto	85 Lee Ave	13	26	13	8	43.6700692	-79.2971326	2023-06-05T15:38:08.645000Z	0	162
528	528	Toronto	Mutual St / Shuter St (Arena Gardens)	11	19	8	0	43.6559476	-79.37558829999999	2023-06-05T15:38:08.646000Z	0	1248
529	529	Toronto	Queen St E / Joseph Duggan Rd	11	18	6	0	43.6677628	-79.30811709999999	2023-06-05T15:38:08.642000Z	0	114
530	530	Toronto	Heyworth Cres / Kingston Rd	3	19	15	0	43.6750806	-79.3068697	2023-06-05T15:38:08.643000Z	0	93
531	531	Toronto	St Clair Ave W / Caledonia Rd	8	13	5	0	43.6754247	-79.4547813	2023-06-05T15:38:08.649000Z	0	44
532	532	Toronto	Wellington St W / Stafford St	23	23	0	0	43.6409957	-79.40966630000001	2023-06-05T15:38:08.717000Z	0	491
533	533	Toronto	111 Broadview Ave	10	18	7	0	43.6593483	-79.34993659999999	2023-06-05T15:38:08.552000Z	0	253
534	534	Toronto	Christie St / Dupont St	19	19	0	0	43.67168	-79.421192	2023-06-05T15:38:08.645000Z	0	218
535	535	Toronto	Richmond St E / Jarvis St Green P	0	16	6	0	43.652634	-79.374222	2023-06-05T15:38:08.954000Z	0	1239
536	536	Toronto	Bathurst St / Dundas St W	8	27	19	0	43.6519501	-79.4060978	2023-06-05T15:38:08.671000Z	0	630
537	537	Toronto	Oak St / Sackville St	17	19	1	0	43.6613642	-79.3641171	2023-06-05T15:38:08.553000Z	0	261
538	538	Toronto	24 Mountjoy Ave	16	17	0	0	43.6808774	-79.3304491	2023-06-05T15:38:08.551000Z	0	134
539	539	Toronto	Colgate Ave / Carlaw Ave	2	19	17	0	43.6623658	-79.3413344	2023-06-05T15:38:08.551000Z	0	386
540	540	Toronto	Felstead Ave/Gillard Ave (Monarch Park)	24	27	1	0	43.6791345	-79.3263159	2023-06-05T15:38:08.550000Z	0	222
541	541	Toronto	Lower Jarvis / The Esplanade	6	15	9	0	43.6478206	-79.3704721	2023-06-05T15:38:08.677000Z	0	885
542	542	Toronto	Coronation Park (Martin Goodman Trail)	5	19	14	0	43.635495	-79.40352209999999	2023-06-05T15:38:08.550000Z	0	126
543	543	Toronto	101 Cedarvale Ave	18	20	2	0	43.6868681	-79.3110942	2023-06-05T15:38:08.555000Z	0	171
544	544	Toronto	St Clair Ave W / Oakwood Ave	14	15	1	0	43.678177	-79.435364	2023-06-05T15:38:08.650000Z	0	247
545	545	Toronto	Beltline Trail / Yonge St	23	23	0	0	43.6962302	-79.39504339999999	2023-06-05T15:38:08.556000Z	0	200
546	546	Toronto	Shaw St / Essex St - SMART	15	15	0	0	43.667076	-79.425116	2023-06-05T15:38:08.680000Z	0	282
547	547	Toronto	High Park Outdoor Pool	26	26	0	0	43.649217	-79.465319	2023-06-05T15:38:09.121000Z	0	182
548	548	Toronto	St Clair Ave W / Robina Ave	14	15	1	0	43.68005	-79.43469	2023-06-05T15:38:08.554000Z	0	258
549	549	Toronto	Joseph J Piccininni Community Centre	15	19	4	0	43.675648	-79.4527619	2023-06-05T15:38:08.664000Z	0	51
550	550	Toronto	11 Spadina Rd	9	18	3	3	43.6677246	-79.4041365	2023-06-05T15:38:08.698000Z	0	565
551	551	Toronto	Vanauley St / Queen St W - SMART	3	12	9	0	43.648437	-79.39838	2023-06-05T15:38:08.652000Z	0	1019
552	552	Toronto	Sherbourne St / Wellesley St E	31	31	0	0	43.6673	-79.374	2023-06-05T15:38:08.620000Z	0	616
553	553	Toronto	Queen St W / Bay St (City Hall)	2	23	21	0	43.6517925	-79.38269509999999	2023-06-05T15:38:08.905000Z	0	1608
554	554	Toronto	Queen St W / Roncesvalles Ave	10	19	9	0	43.6372958	-79.4423237	2023-06-05T15:38:08.626000Z	0	214
555	555	Toronto	Havelock St / Dewson St	15	15	0	0	43.6554793	-79.4302462	2023-06-05T15:38:08.697000Z	0	390
556	556	Toronto	St Clair West Subway Station - Heath Entrance	22	22	0	0	43.686352	-79.415894	2023-06-05T15:38:08.845000Z	0	131
557	557	Toronto	Queen St W / Shaw St	5	19	14	0	43.6442457	-79.41610440000001	2023-06-05T15:38:08.699000Z	0	521
558	558	Toronto	York University Station (North)	5	15	10	0	43.7741	-79.5005	2023-06-05T15:38:08.599000Z	0	28
559	559	Toronto	Spadina Rd / St.Clair Ave West	15	15	0	0	43.683979	-79.410657	2023-06-05T15:38:09.033000Z	0	104
560	560	Toronto	Spadina Ave / Adelaide St W	2	15	13	0	43.6472019	-79.3953394	2023-06-05T15:38:08.580000Z	0	1132
561	561	Toronto	Cherry St / Mill St	9	15	5	0	43.6513927	-79.35794659999999	2023-06-05T15:38:08.877000Z	0	353
562	562	Toronto	Jarvis St / Maitland Pl	5	17	12	0	43.6647688	-79.3772602	2023-06-05T15:38:08.632000Z	0	969
563	563	Toronto	Temperance St / Bay St	3	23	18	0	43.6506	-79.381285	2023-06-05T15:38:08.698000Z	0	1497
564	564	Toronto	Cherry Beach Sports Field (55 Unwin Ave)	11	15	4	0	43.6408346	-79.3429074	2023-06-05T15:38:08.560000Z	0	15
565	565	Toronto	Randolph Ave / Perth Ave	3	19	16	0	43.6585504	-79.4497659	2023-06-05T15:38:08.676000Z	0	297
566	566	Toronto	Wolseley St / Augusta Ave	14	28	14	0	43.6484201	-79.40051919999999	2023-06-05T15:38:08.694000Z	0	836
567	567	Toronto	Lumsden Ave / Cedarvale Ave	10	11	1	0	43.693187	-79.314283	2023-06-05T15:38:08.699000Z	0	78
568	568	Toronto	Niagara St / Portland St	9	11	2	0	43.6425791	-79.40011729999999	2023-06-05T15:38:08.700000Z	0	600
569	569	Toronto	Church St / The Esplanade	1	19	18	0	43.6469251	-79.3733192	2023-06-05T15:38:08.701000Z	0	926
570	570	Toronto	King St W / Portland St	7	16	7	0	43.644395	-79.40065430000001	2023-06-05T15:38:08.805000Z	0	641
571	571	Toronto	Widmer St / King St W	9	11	1	0	43.6463574	-79.391206	2023-06-05T15:38:08.805000Z	0	1159
572	572	Toronto	Wellesley St E / Parliament St	15	15	0	0	43.6682342	-79.3702641	2023-06-05T15:38:08.806000Z	0	357
573	573	Toronto	Yonge St / Macpherson Ave	10	15	4	0	43.6791876	-79.39071899999999	2023-06-05T15:38:08.807000Z	0	338
574	574	Toronto	Davenport Rd / Bedford Rd	12	15	3	0	43.674446	-79.398331	2023-06-05T15:38:09.088000Z	0	467
575	575	Toronto	Princes' Blvd / Nunavut Rd	13	19	6	0	43.6334636	-79.4143057	2023-06-05T15:38:08.678000Z	0	168
576	576	Toronto	Exhibition GO Station	9	14	5	0	43.6352007	-79.4187711	2023-06-05T15:38:08.813000Z	0	217
577	577	Toronto	265 Armadale Ave	10	31	15	13	43.6501644	-79.48296909999999	2023-06-05T15:38:08.556000Z	0	203
578	578	Toronto	800 Fleet St	22	43	20	0	43.636804	-79.408832	2023-06-05T15:38:08.986000Z	0	189
579	579	Toronto	St Joseph St / Bay St - SMART	0	0	0	0	43.6658804	-79.38761010000002	2023-06-05T15:38:08.607000Z	0	869
580	580	Toronto	Victoria Park Ave / Kingston Rd	6	15	9	0	43.68035	-79.28357	2023-06-05T15:38:08.984000Z	0	117
581	581	Toronto	Ontario St / Adelaide St E -SMART	14	18	4	0	43.6535052	-79.3667689	2023-06-05T15:38:08.936000Z	0	701
582	582	Toronto	Highview Ave / Kennedy Rd	10	15	4	0	43.70241858146351	-79.2563167072858	2023-06-05T15:38:08.981000Z	0	0
583	583	Toronto	Kingston Rd / Warden Ave	6	14	7	0	43.68824135931814	-79.27046628033244	2023-06-05T15:38:08.983000Z	0	18
584	584	Toronto	Birchcliff Ave / Kingston Rd	12	15	3	0	43.691688	-79.265027	2023-06-05T15:38:08.989000Z	0	2
585	585	Toronto	Kingston Rd / Glen Everest Rd	13	15	1	0	43.697490048103	-79.25655146462776	2023-06-05T15:38:08.987000Z	0	0
586	586	Toronto	Birchmount Rd / Kingston Rd	13	15	2	0	43.69401297794256	-79.26257204548136	2023-06-05T15:38:08.988000Z	0	2
587	587	Toronto	Pharmacy Ave / Danforth Ave	11	15	4	1	43.6929478	-79.28339980000001	2023-06-05T15:38:08.982000Z	0	73
588	588	Toronto	Danforth Ave / Warden Ave	10	15	5	0	43.6950192	-79.27180659999999	2023-06-05T15:38:08.990000Z	0	17
589	589	Toronto	Eglinton Ave W / Gilbert Ave	17	19	2	0	43.69263249999999	-79.4627536	2023-06-05T15:38:09.112000Z	0	0
590	590	Toronto	Sharpe St / Park St (Sandown Park)	12	15	2	0	43.7105975	-79.2541175	2023-06-05T15:38:09.089000Z	0	0
591	591	Toronto	Eglinton Ave W / Prospect Cemetery	16	19	3	0	43.69415	-79.45782580000001	2023-06-05T15:38:09.111000Z	0	4
592	592	Toronto	The Royal Ontario Museum (Bloor St Entrance)	6	19	13	0	43.668500046272165	-79.3946235999697	2023-06-05T15:38:08.654000Z	0	660
593	593	Toronto	Marlee Ave / York Beltline Trail	18	19	0	0	43.70163	-79.44099	2023-06-05T15:38:09.115000Z	0	39
594	594	Toronto	Bert Robinson Park	12	15	3	0	43.688028	-79.460265	2023-06-05T15:38:09.118000Z	0	1
595	595	Toronto	Rogers Rd / Prospect Cemetery	19	23	4	0	43.68323	-79.455765	2023-06-05T15:38:09.117000Z	0	22
596	596	Toronto	Eglinton Ave W / Ennerdale Rd	12	14	2	0	43.69466	-79.45376999999999	2023-06-05T15:38:09.116000Z	0	7
597	597	Toronto	Chester Subway Station	9	9	0	0	43.6784834	-79.3513564	2023-06-05T15:38:08.860000Z	0	332
598	598	Toronto	Bloor St W / Old Mill Trl	13	19	6	0	43.65016869999999	-79.4963345	2023-06-05T15:38:09.099000Z	0	32
599	599	Toronto	Wendover Rd / Bloor St W (Green P)	1	15	14	1	43.6492	-79.50601999999999	2023-06-05T15:38:09.101000Z	0	0
600	600	Toronto	Luttrell Ave / Danforth Ave	11	15	4	0	43.6897656	-79.2939525	2023-06-05T15:38:08.895000Z	0	184
601	601	Toronto	1926 Lake Shore Blvd W	17	23	6	0	43.6357643	-79.4674917	2023-06-05T15:38:08.651000Z	0	55
602	602	Toronto	Willingdon Blvd / Bloor St W (Green P)	9	15	5	1	43.64839	-79.51008	2023-06-05T15:38:08.894000Z	0	0
603	603	Toronto	36 Park Lawn Rd	2	15	13	0	43.62369169999999	-79.4838132	2023-06-05T15:38:08.651000Z	0	145
604	604	Toronto	Howard Park Ave / Parkside Dr	9	15	6	0	43.648657	-79.458111	2023-06-05T15:38:09.090000Z	0	258
605	605	Toronto	Ted Rogers Way / Bloor St E	19	23	4	0	43.671293	-79.380471	2023-06-05T15:38:08.834000Z	0	589
606	606	Toronto	Walter Saunders Park	9	14	5	0	43.69932707258943	-79.4493630391668	2023-06-05T15:38:08.647000Z	0	10
607	607	Toronto	Park Lawn Rd / Berry Rd	5	15	10	0	43.63560589999999	-79.4934616	2023-06-05T15:38:08.647000Z	0	28
608	608	Toronto	Tobermory Dr / Finch Hydro Recreational Trail	0	19	19	0	43.7611741	-79.5114452	2023-06-05T15:38:08.649000Z	0	1
609	609	Toronto	Driftwood Ave / Finch Hydro Trail	0	18	18	0	43.7603624	-79.5162777	2023-06-05T15:38:08.879000Z	0	0
610	610	Toronto	Grand Avenue Park	4	21	17	0	43.62313	-79.4918	2023-06-05T15:38:08.941000Z	0	102
611	611	Toronto	The Pond Rd / Shoreham Dr	8	15	6	0	43.772445	-79.511912	2023-06-05T15:38:08.644000Z	0	22
612	612	Toronto	Berkeley St / Adelaide St E - SMART	12	12	0	0	43.653359	-79.365023	2023-06-05T15:38:08.937000Z	0	609
613	613	Toronto	Kingston Rd / Ridgemoor Ave	3	11	7	0	43.70643614257429	-79.25104443353288	2023-06-05T15:38:08.980000Z	0	0
614	614	Toronto	Moss Park	7	15	8	0	43.655972	-79.370638	2023-06-05T15:38:08.830000Z	0	972
615	615	Toronto	519 Church St	9	12	3	0	43.666874	-79.381155	2023-06-05T15:38:08.814000Z	0	807
616	616	Toronto	York St / Lake Shore Blvd W	0	19	18	0	43.641952	-79.380723	2023-06-05T15:38:08.791000Z	0	760
617	617	Toronto	St. Andrew's Playground Park	2	11	9	0	43.646552	-79.399586	2023-06-05T15:38:08.695000Z	0	861
618	618	Toronto	College St / Henry St 	3	14	11	0	43.6591529	-79.3947953	2023-06-05T15:38:08.724000Z	0	654
619	619	Toronto	Emerson Ave / Bloor St W	23	23	0	0	43.659055	-79.440764	2023-06-05T15:38:08.663000Z	0	193
620	620	Toronto	Sherbourne St / Isabella St	15	19	4	0	43.669576	-79.375961	2023-06-05T15:38:08.976000Z	0	586
621	621	Toronto	Victoria Park Ave / Dawes Rd	9	19	9	3	43.706466	-79.29511	2023-06-05T15:38:08.642000Z	0	4
622	622	Toronto	Roncesvalles Ave / Fermanagh Ave	9	19	10	0	43.646314469245205	-79.44879407014527	2023-06-05T15:38:08.554000Z	0	224
623	623	Toronto	Tommy Thompson Park (Leslie Street Spit)	11	31	20	0	43.65222662225532	-79.32295440954084	2023-06-05T15:38:08.709000Z	0	2
624	624	Toronto	St. John's Rd / Dundas St W	4	15	10	0	43.66526761605873	-79.47502122887077	2023-06-05T15:38:08.719000Z	0	218
625	625	Toronto	Albany Ave / Bloor St W	2	15	13	0	43.66554144421798	-79.41010317605742	2023-06-05T15:38:08.722000Z	0	471
626	626	Toronto	Pioneer Village Subway Station	4	11	7	0	43.77649016265579	-79.5085364909097	2023-06-05T15:38:08.722000Z	0	22
627	627	Toronto	Toronto Eaton Centre (Yonge St) - SMART	2	20	18	0	43.655431	-79.380653	2023-06-05T15:38:08.565000Z	0	1376
628	628	Toronto	Armoury St / Chestnut St	4	14	10	0	43.65351799690878	-79.38591063795928	2023-06-05T15:38:08.726000Z	0	1599
629	629	Toronto	Lake Shore Blvd W / Brow Dr	1	15	14	1	43.59119994025076	-79.54449133041076	2023-06-05T15:38:08.838000Z	0	33
630	630	Toronto	25 Booth Ave	17	23	6	1	43.6544839	-79.34105699999999	2023-06-05T15:38:08.803000Z	0	168
631	631	Toronto	Spadina Ave / Sullivan St	5	23	17	1	43.65082785552666	-79.39698099821702	2023-06-05T15:38:08.917000Z	0	1014
632	632	Toronto	St. Clair Ave W / Osler St	10	11	1	0	43.673843560032594	-79.46092618902435	2023-06-05T15:38:08.916000Z	0	118
633	633	Toronto	Simcoe St / King St W	1	15	14	0	43.647508351306186	-79.38604436555764	2023-06-05T15:38:08.915000Z	0	1302
634	634	Toronto	Grenoble Dr / Gateway Blvd	12	14	2	0	43.71513211098082	-79.33413623320465	2023-06-05T15:38:08.914000Z	0	1
635	635	Toronto	Grenoble Dr / Deauville Ln	14	15	1	0	43.71649675774656	-79.33089439933623	2023-06-05T15:38:08.913000Z	0	1
636	636	Toronto	Grenoble Dr / Vendome Pl	8	11	3	0	43.715537998967406	-79.32811427663442	2023-06-05T15:38:08.912000Z	0	1
637	637	Toronto	Thorncliffe Park Dr / Leaside Park Trail	5	15	10	1	43.70400405297843	-79.34807015078738	2023-06-05T15:38:08.696000Z	0	8
638	638	Toronto	Ferrand Dr / Rochefort Dr	16	19	2	0	43.71963253523784	-79.33199950866776	2023-06-05T15:38:08.705000Z	0	1
639	639	Toronto	165 McRae Dr	12	15	1	0	43.70656159598004	-79.36781965092621	2023-06-05T15:38:08.549000Z	0	89
640	640	Toronto	75 Thorncliffe Park Dr	4	11	7	1	43.70518328279426	-79.34224729962946	2023-06-05T15:38:08.639000Z	0	8
641	641	Toronto	Mt Pleasant Rd / Davisville Ave - SMART	16	16	0	0	43.70088225686968	-79.38736016665911	2023-06-05T15:38:08.687000Z	0	201
642	642	Toronto	St Clair Ave W / Avenue Rd 	13	14	1	0	43.68688938028234	-79.40099513147447	2023-06-05T15:38:08.688000Z	0	129
643	643	Toronto	HTO Park (Queens Quay W)	25	27	1	0	43.63796	-79.387502	2023-06-05T15:38:08.600000Z	0	307
644	644	Toronto	Nassau St / Bellevue Ave	0	15	15	0	43.65484215542248	-79.40351232494366	2023-06-05T15:38:09.016000Z	0	650
645	645	Toronto	Huron St / Harbord St	0	19	19	1	43.6637	-79.400053	2023-06-05T15:38:08.950000Z	0	430
646	646	Toronto	Ward St / Wallace Ave	10	15	5	0	43.662857	-79.44618	2023-06-05T15:38:09.092000Z	0	209
647	647	Toronto	Starspray Ave / Lawrence Ave E	13	19	6	0	43.788319	-79.123505	2023-06-05T15:38:08.778000Z	0	2
648	648	Toronto	The Well	1	18	15	0	43.643025055165865	-79.39430137761319	2023-06-05T15:38:08.648000Z	0	862
649	649	Toronto	60 Carl Hall Rd - SMART	15	20	3	0	43.7482972	-79.47570569999999	2023-06-05T15:38:08.686000Z	0	0
650	650	Toronto	HTO Park West	3	31	27	0	43.63737145931921	-79.38976958703309	2023-06-05T15:38:08.684000Z	0	259
651	651	Toronto	Downsview Park Blvd / Keele St  - SMART	2	20	18	0	43.73673829262113	-79.48227195568086	2023-06-05T15:38:08.684000Z	0	0
652	652	Toronto	Downsview Park Subway Station - SMART	16	20	4	0	43.753107	-79.479626	2023-06-05T15:38:08.591000Z	0	0
653	653	Toronto	Keele St / Dovehouse Ave - SMART	2	16	14	0	43.7494501	-79.4869662	2023-06-05T15:38:08.685000Z	0	0
654	654	Toronto	Exhibition GO (Atlantic Ave)	1	15	13	0	43.637695491830144	-79.42023184193503	2023-06-05T15:38:08.615000Z	0	407
655	655	Toronto	Queens Quay E / Lower Jarvis St 	0	22	22	0	43.64392767366328	-79.3687301736982	2023-06-05T15:38:08.557000Z	0	454
656	656	Toronto	Dundas St W / Crawford St	21	23	2	0	43.649722	-79.416944	2023-06-05T15:38:08.906000Z	0	529
657	657	Toronto	Phoebe St / Spadina Ave	15	33	15	0	43.650033	-79.396555	2023-06-05T15:38:08.832000Z	0	1069
658	658	Toronto	Lynn William St / Pirandello St 	17	17	0	0	43.63912451479701	-79.41423166721611	2023-06-05T15:38:08.960000Z	0	386
659	659	Toronto	Bay St / Queens Quay W (Ferry Terminal)	5	34	28	0	43.640978	-79.376785	2023-06-05T15:38:09.023000Z	0	434
660	660	Toronto	College St / Huron St	0	18	16	0	43.658148	-79.398167	2023-06-05T15:38:08.596000Z	0	506
661	661	Toronto	Ossington Ave / Bruce St	10	15	4	0	43.64570236705167	-79.41933192053696	2023-06-05T15:38:08.977000Z	0	538
662	662	Toronto	Northern Dancer Blvd / Lake Shore Blvd E	24	27	3	0	43.663162	-79.309765	2023-06-05T15:38:09.006000Z	0	82
